ID Number,Name,HP,Attack,Defense,Speed,Sp. Atk,Sp. Def,Type 1,Type 2,Catch Rate,Exp Drop,HP EV Yield,Spe EV Yield,Attack EV Yield,Defense EV Yield,Sp. Atk EV Yield,Sp. Def EV Yield,Uncommon Held Item,Rare Held Item,Gender Ratio,Hatch Multiplier,Base Happiness,Growth Rate,Egg Group 1,Egg Group 2,Ability 1,Ability 2,Run Chance (Safari Zone only),DO NOT TOUCH
0,~,0,0,0,0,0,0,Normal,Normal,0,0,0,0,0,0,0,0,None,None,0,0,0,Medium Fast,~,~,-,-,0,0,
1,Bulbasaur,45,49,49,50,65,65,Grass,Poison,45,64,0,0,0,0,1,0,None,None,31,20,70,Medium Slow,Monster,Grass,Thick Fat,Chlorophyll,0,3,
2,Ivysaur,60,62,63,70,80,80,Grass,Poison,45,141,0,0,0,0,1,1,None,None,31,20,70,Medium Slow,Monster,Grass,Thick Fat,Chlorophyll,0,3,
3,Venusaur,80,79,100,75,100,105,Grass,Poison,45,208,0,0,0,0,2,1,None,None,31,20,70,Medium Slow,Monster,Grass,Thick Fat,Chlorophyll,0,3,
4,Charmander,39,52,43,65,60,50,Fire,Fire,45,65,0,0,0,1,0,0,None,None,31,20,70,Medium Slow,Monster,Dragon,Reckless,Solar Power,0,0,
5,Charmeleon,56,70,58,80,80,65,Fire,Fire,45,142,0,0,0,1,1,0,None,None,31,20,70,Medium Slow,Monster,Dragon,Reckless,Solar Power,0,0,
6,Charizard,76,115,78,100,109,85,Fire,Dragon,45,209,0,0,0,0,3,0,None,None,31,20,70,Medium Slow,Monster,Dragon,Reckless,Solar Power,0,0,
7,Squirtle,44,48,65,43,50,64,Water,Water,45,66,0,0,1,0,0,0,None,None,31,20,70,Medium Slow,Monster,Water 1,Clear Body,Rain Dish,0,1,
8,Wartortle,59,63,80,58,65,80,Water,Water,45,143,0,0,1,0,0,1,None,None,31,20,70,Medium Slow,Monster,Water 1,Clear Body,Rain Dish,0,1,
9,Blastoise,80,83,110,78,90,105,Water,Steel,45,210,0,0,0,0,0,3,None,None,31,20,70,Medium Slow,Monster,Water 1,Clear Body,Rain Dish,0,1,
10,Caterpie,45,30,35,45,20,20,Bug,Bug,255,53,1,0,0,0,0,0,None,None,127,15,70,Medium Fast,Bug,Bug,Shield Dust,No Guard,0,3,
11,Metapod,50,20,55,30,25,25,Bug,Bug,120,72,0,0,2,0,0,0,None,None,127,15,70,Medium Fast,Bug,Bug,Shed Skin,Shed Skin,0,3,
12,Butterfree,60,45,50,80,100,100,Bug,Flying,45,180,0,0,0,0,2,1,None,SilverPowder,127,15,70,Medium Fast,Bug,Bug,Compoundeyes,No Guard,0,8,
13,Weedle,40,35,30,50,20,20,Bug,Poison,255,52,0,0,0,1,0,0,None,None,127,15,70,Medium Fast,Bug,Bug,Adaptability,Adaptability,0,5,
14,Kakuna,45,25,50,35,25,25,Bug,Poison,120,71,0,0,2,0,0,0,None,None,127,15,70,Medium Fast,Bug,Bug,Shed Skin,Shed Skin,0,2,
15,Beedrill,65,90,40,84,45,80,Bug,Poison,45,179,0,2,0,0,0,1,None,Poison Barb,127,15,70,Medium Fast,Bug,Bug,Adaptability,Adaptability,0,2,
16,Pidgey,40,45,40,56,35,35,Normal,Flying,255,55,0,0,0,1,0,0,None,None,127,15,70,Medium Slow,Flying,Flying,Hustle,Tangled Feet,90,5,
17,Pidgeotto,63,60,55,71,50,50,Normal,Flying,120,113,0,0,0,2,0,0,None,None,127,15,70,Medium Slow,Flying,Flying,Hustle,Tangled Feet,0,5,
18,Pidgeot,93,90,100,91,70,70,Normal,Flying,45,194,0,0,0,3,0,0,None,None,127,15,70,Medium Slow,Flying,Flying,Hustle,Tangled Feet,0,5,
19,Rattata,30,56,35,72,25,35,Normal,Normal,255,57,0,0,0,1,0,0,None,Chilan Berry,127,15,70,Medium Fast,Field,Field,Guts,Guts,120,6,
20,Raticate,65,91,60,127,50,70,Normal,Normal,127,116,0,0,0,2,0,0,None,Chilan Berry,127,15,70,Medium Fast,Field,Field,Guts,Guts,90,5,
21,Spearow,40,60,30,70,31,31,Normal,Flying,255,58,0,0,0,1,0,0,None,None,127,15,70,Medium Fast,Flying,Flying,Sniper,Sniper,90,5,
22,Fearow,80,95,65,110,61,61,Normal,Flying,90,169,0,0,0,2,0,0,None,Sharp Beak,127,15,70,Medium Fast,Flying,Flying,Sniper,Sniper,60,5,
23,Ekans,35,60,44,55,40,54,Poison,Poison,255,62,0,1,0,0,0,0,None,None,127,20,70,Medium Fast,Field,Dragon,Intimidate,Shed Skin,120,6,
24,Arbok,100,90,110,86,65,82,Poison,Poison,90,163,0,2,0,0,0,0,None,None,127,20,70,Medium Fast,Field,Dragon,Intimidate,Shed Skin,60,6,
25,Pikachu,55,65,30,95,70,50,Electric,Electric,190,92,0,0,0,2,0,0,Oran Berry,Light Ball,127,10,70,Medium Fast,Field,Fairy,Adaptability,Adaptability,0,2,
26,Raichu,60,100,75,90,120,90,Electric,Electric,75,179,0,0,0,3,0,0,None,Oran Berry,127,10,70,Medium Fast,Field,Fairy,Static,Lightningrod,0,2,
27,Sandshrew,50,75,85,40,20,30,Ground,Ground,255,93,0,0,1,0,0,0,None,Quick Claw,127,20,70,Medium Fast,Field,Field,Mold Breaker,-,90,2,
28,Sandslash,75,110,110,75,45,55,Ground,Ground,90,163,0,0,2,0,0,0,None,Quick Claw,127,20,70,Medium Fast,Field,Field,Mold Breaker,-,60,2,
29,Nidoran♀,55,47,52,41,40,40,Poison,Poison,235,59,1,0,0,0,0,0,None,None,254,20,70,Medium Slow,Monster,Field,Rough Skin,Rivalry,90,1,
30,Nidorina,70,62,67,56,55,55,Poison,Poison,120,117,2,0,0,0,0,0,None,None,254,20,70,Medium Slow,Undiscovered,Undiscovered,Rough Skin,Rivalry,60,1,
31,Nidoqueen,100,70,87,76,75,85,Poison,Ground,45,194,3,0,0,0,0,0,None,None,254,20,70,Medium Slow,Undiscovered,Undiscovered,Rough Skin,Rivalry,0,1,
32,Nidoran♂,46,57,40,50,40,40,Normal,Poison,235,60,0,1,0,0,0,0,None,None,0,20,70,Medium Slow,Monster,Field,Reckless,Rivalry,90,6,
33,Nidorino,61,72,57,65,55,55,Normal,Poison,120,118,0,2,0,0,0,0,None,None,0,20,70,Medium Slow,Monster,Field,Reckless,Rivalry,60,6,
34,Nidoking,92,115,77,85,85,75,Normal,Ground,45,195,0,3,0,0,0,0,None,None,0,20,70,Medium Slow,Monster,Field,Reckless,Rivalry,0,6,
35,Clefairy,70,45,48,35,60,65,Fairy,Fairy,150,68,2,0,0,0,0,0,Leppa Berry,Moon Stone,191,10,140,Fast,Fairy,Fairy,Cute Charm,Magic Guard,120,9,
36,Clefable,95,70,73,60,100,90,Fairy,Fairy,25,129,3,0,0,0,0,0,Leppa Berry,Moon Stone,191,10,140,Fast,Fairy,Fairy,Unaware,Magic Guard,0,9,
37,Vulpix,38,41,40,65,50,65,Fire,Fire,190,63,0,0,0,1,0,0,Rawst Berry,Rawst Berry,191,20,70,Medium Fast,Field,Field,Drought,-,0,5,
38,Ninetales,73,76,75,100,85,100,Fire,Fire,75,178,0,0,0,1,0,1,Rawst Berry,Rawst Berry,191,20,70,Medium Fast,Field,Field,Drought,Drought,0,2,
39,Jigglypuff,135,65,40,40,65,45,Normal,Fairy,170,76,2,0,0,0,0,0,None,None,191,10,70,Fast,Fairy,Fairy,No Guard,No Guard,120,9,
40,Wigglytuff,148,70,85,45,85,85,Normal,Fairy,50,129,3,0,0,0,0,0,None,None,191,10,70,Fast,Fairy,Fairy,Cute Charm,Soundproof,0,9,
41,Zubat,40,45,35,55,30,40,Poison,Flying,255,54,0,0,0,1,0,0,None,None,127,15,70,Medium Fast,Flying,Flying,Inner Focus,Anticipation,90,6,
42,Golbat,75,80,70,90,65,75,Poison,Flying,90,171,0,0,0,2,0,0,None,None,127,15,70,Medium Fast,Flying,Flying,Inner Focus,-,60,6,
43,Oddish,45,50,55,30,75,65,Grass,Poison,255,78,0,0,0,0,1,0,None,None,127,20,70,Medium Slow,Grass,Grass,Effect Spore,Chlorophyll,90,1,
44,Gloom,60,65,70,40,85,75,Grass,Poison,120,132,0,0,0,0,2,0,None,None,127,20,70,Medium Slow,Grass,Grass,Effect Spore,Chlorophyll,60,1,
45,Vileplume,80,80,90,50,110,100,Grass,Poison,45,192,0,0,0,0,3,0,None,None,127,20,70,Medium Slow,Grass,Grass,Effect Spore,Chlorophyll,0,0,
46,Paras,35,70,55,25,45,55,Bug,Grass,190,70,0,1,0,0,0,0,TinyMushroom,Big Mushroom,127,20,70,Medium Fast,Bug,Grass,Technician,Technician,120,0,
47,Parasect,85,115,80,30,50,80,Bug,Grass,75,128,0,2,1,0,0,0,TinyMushroom,Big Mushroom,127,20,70,Medium Fast,Bug,Grass,Technician,Technician,90,0,
48,Venonat,60,55,50,45,40,55,Bug,Poison,190,75,0,0,0,0,0,1,None,None,127,20,70,Medium Fast,Bug,Bug,Compoundeyes,Tinted Lens,0,6,
49,Venomoth,95,90,75,90,105,85,Bug,Psychic,75,138,0,0,0,1,1,0,None,Shed Shell,127,20,70,Medium Fast,Bug,Bug,Adaptability,Adaptability,0,6,
50,Diglett,10,55,25,95,35,45,Ground,Ground,255,81,0,0,0,1,0,0,None,Soft Sand,127,20,70,Medium Fast,Field,Field,Sturdy,Sturdy,120,5,
51,Dugtrio,35,100,50,120,50,70,Ground,Ground,50,153,0,0,0,2,0,0,None,Soft Sand,127,20,70,Medium Fast,Field,Field,Sturdy,Sturdy,0,5,
52,Meowth,40,45,35,90,40,40,Normal,Normal,255,69,0,0,0,1,0,0,None,Quick Claw,127,20,70,Medium Fast,Field,Field,Pickup,Technician,0,2,
53,Persian,65,70,60,115,65,65,Normal,Normal,90,148,0,0,0,2,0,0,None,Quick Claw,127,20,70,Medium Fast,Field,Field,Limber,Technician,0,2,
54,Psyduck,50,52,48,55,65,50,Water,Psychic,190,80,0,0,0,0,1,0,None,None,127,20,70,Medium Fast,Water 1,Field,Swift Swim,Cloud Nine,90,2,
55,Golduck,80,82,78,85,100,80,Water,Psychic,75,174,0,0,0,0,2,0,None,None,127,20,70,Medium Fast,Water 1,Field,Swift Swim,Cloud Nine,60,1,
56,Mankey,40,80,35,70,35,45,Fighting,Fighting,190,74,0,1,0,0,0,0,None,Payapa Berry,127,20,70,Medium Fast,Field,Field,Limber,Inner Focus,0,5,
57,Primeape,65,105,70,95,60,70,Fighting,Fighting,75,149,0,2,0,0,0,0,None,Payapa Berry,127,20,70,Medium Fast,Field,Field,Limber,Inner Focus,0,5,
58,Growlithe,55,70,45,60,70,50,Fire,Fire,190,91,0,1,0,0,0,0,Rawst Berry,Rawst Berry,63,20,70,Slow,Field,Field,Intimidate,Flash Fire,0,5,
59,Arcanine,90,110,80,95,100,80,Fire,Fire,75,213,0,2,0,0,0,0,Rawst Berry,Rawst Berry,63,20,70,Slow,Field,Field,Intimidate,Flash Fire,0,5,
60,Poliwag,40,50,40,90,40,40,Water,Water,255,77,0,0,0,1,0,0,Water Stone,King's Rock,127,20,70,Medium Slow,Water 1,Water 1,Water Absorb,Damp,90,129,
61,Poliwhirl,65,65,65,90,50,50,Water,Water,120,131,0,0,0,2,0,0,None,King's Rock,127,20,70,Medium Slow,Water 1,Water 1,Water Absorb,Damp,60,129,
62,Poliwrath,90,115,95,70,50,90,Water,Fighting,45,185,0,0,3,0,0,0,None,King's Rock,127,20,70,Medium Slow,Water 1,Water 1,Guts,Guts,0,129,
63,Abra,25,20,15,90,105,55,Psychic,Psychic,200,75,0,0,0,0,1,0,None,TwistedSpoon,63,20,70,Medium Slow,Human-Like,Human-Like,Synchronize,Magic Guard,120,5,
64,Kadabra,40,35,30,105,120,70,Psychic,Psychic,100,145,0,0,0,0,2,0,None,TwistedSpoon,63,20,70,Medium Slow,Human-Like,Human-Like,Synchronize,Magic Guard,0,5,
65,Alakazam,55,50,45,120,135,85,Psychic,Psychic,50,186,0,0,0,0,3,0,None,TwistedSpoon,63,20,70,Medium Slow,Human-Like,Human-Like,Synchronize,Magic Guard,0,5,
66,Machop,70,80,50,35,35,35,Fighting,Fighting,180,75,0,1,0,0,0,0,None,None,63,20,70,Medium Slow,Human-Like,Human-Like,Technician,No Guard,90,7,
67,Machoke,80,100,70,45,50,60,Fighting,Fighting,90,146,0,2,0,0,0,0,None,None,63,20,70,Medium Slow,Human-Like,Human-Like,Technician,No Guard,60,135,
68,Machamp,90,130,70,55,40,85,Fighting,Fighting,45,193,0,3,0,0,0,0,None,None,63,20,70,Medium Slow,Human-Like,Human-Like,Guts,No Guard,0,7,
69,Bellsprout,50,75,35,40,70,30,Grass,Poison,255,84,0,1,0,0,0,0,None,None,127,20,70,Medium Slow,Grass,Grass,Chlorophyll,Gluttony,90,3,
70,Weepinbell,65,90,50,55,85,45,Grass,Poison,120,151,0,2,0,0,0,0,None,None,127,20,70,Medium Slow,Grass,Grass,Chlorophyll,Gluttony,60,3,
71,Victreebel,80,115,65,70,110,60,Grass,Poison,45,199,0,3,0,0,0,0,None,None,127,20,70,Medium Slow,Grass,Grass,Chlorophyll,Gluttony,0,3,
72,Tentacool,40,40,35,70,50,100,Water,Poison,190,105,0,0,0,0,0,1,None,Poison Barb,127,20,70,Slow,Water 3,Water 3,Clear Body,Rain Dish,0,1,
73,Tentacruel,80,80,70,100,90,120,Water,Poison,60,205,0,0,0,0,0,2,None,Poison Barb,127,20,70,Slow,Water 3,Water 3,Clear Body,Rain Dish,0,1,
74,Geodude,40,80,100,20,30,30,Rock,Ground,255,73,0,0,1,0,0,0,None,Everstone,127,15,70,Medium Slow,Mineral,Mineral,Rock Head,Sturdy,90,5,
75,Graveler,55,95,115,35,45,45,Rock,Ground,120,134,0,0,2,0,0,0,None,Everstone,127,15,70,Medium Slow,Mineral,Mineral,Rock Head,Sturdy,60,5,
76,Golem,80,120,130,85,55,65,Rock,Ground,45,177,0,0,3,0,0,0,None,Everstone,127,15,70,Medium Slow,Mineral,Mineral,Rock Head,Sturdy,0,5,
77,Ponyta,50,85,55,90,65,65,Fire,Fairy,190,152,0,0,0,1,0,0,None,Shuca Berry,127,20,70,Medium Fast,Field,Field,Motor Drive,Flash Fire,120,2,
78,Rapidash,65,100,70,105,80,80,Fire,Fairy,60,192,0,0,0,2,0,0,None,Shuca Berry,127,20,70,Medium Fast,Field,Field,Motor Drive,Flash Fire,0,2,
79,Slowpoke,90,65,65,15,40,40,Water,Psychic,190,99,1,0,0,0,0,0,SlowpokeTail,Lagging Tail,127,20,70,Medium Fast,Monster,Water 1,Unaware,Own Tempo,60,9,
80,Slowbro,95,75,110,30,100,80,Water,Psychic,75,164,0,0,2,0,0,0,None,King's Rock,127,20,70,Medium Fast,Monster,Water 1,Unaware,Own Tempo,60,9,
81,Magnemite,25,35,70,45,95,55,Electric,Steel,190,89,0,0,0,0,1,0,None,Metal Coat,255,20,70,Medium Fast,Mineral,Mineral,Magnet Pull,Sturdy,90,7,
82,Magneton,50,60,95,70,120,70,Electric,Steel,60,161,0,0,0,0,2,0,None,Metal Coat,255,20,70,Medium Fast,Mineral,Mineral,Magnet Pull,Sturdy,60,7,
83,Farfetch'd,72,85,75,80,78,82,Fighting,Flying,45,144,0,1,0,0,0,0,None,Stick,127,20,70,Medium Fast,Flying,Field,Super Luck,Sniper,120,5,
84,Doduo,35,85,45,75,35,35,Normal,Flying,190,96,0,1,0,0,0,0,None,Sharp Beak,127,20,70,Medium Fast,Flying,Flying,Unburden,Unburden,90,5,
85,Dodrio,60,110,70,100,60,60,Normal,Flying,45,158,0,2,0,0,0,0,None,Sharp Beak,127,20,70,Medium Fast,Flying,Flying,Unburden,Unburden,60,5,
86,Seel,65,45,55,45,45,70,Water,Water,190,100,0,0,0,0,0,1,None,None,127,20,70,Medium Fast,Water 1,Field,Thick Fat,Hydration,0,8,
87,Dewgong,95,70,80,70,80,95,Water,Ice,75,176,0,0,0,0,0,2,None,None,127,20,70,Medium Fast,Water 1,Field,Thick Fat,Hydration,0,8,
88,Grimer,80,80,50,25,40,50,Poison,Poison,190,90,1,0,0,0,0,0,None,Nugget,127,20,70,Medium Fast,Amorphous,Amorphous,Serene Grace,Serene Grace,60,6,
89,Muk,105,105,75,50,65,100,Poison,Poison,75,157,1,1,0,0,0,0,None,Nugget,127,20,70,Medium Fast,Amorphous,Amorphous,Serene Grace,Serene Grace,60,6,
90,Shellder,30,65,100,40,45,25,Water,Water,190,97,0,0,1,0,0,0,Pearl,Big Pearl,127,20,70,Slow,Water 3,Water 3,Shell Armor,Skill Link,0,6,
91,Cloyster,50,95,180,70,85,45,Water,Ice,60,203,0,0,2,0,0,0,Pearl,Big Pearl,127,20,70,Slow,Water 3,Water 3,Shell Armor,Skill Link,0,6,
92,Gastly,30,35,30,80,100,35,Ghost,Poison,190,95,0,0,0,0,1,0,None,None,127,20,70,Medium Slow,Amorphous,Amorphous,Levitate,-,120,6,
93,Haunter,45,50,45,95,115,55,Ghost,Poison,90,126,0,0,0,0,2,0,None,None,127,20,70,Medium Slow,Amorphous,Amorphous,Levitate,-,90,6,
94,Gengar,60,65,60,110,130,75,Ghost,Poison,45,190,0,0,0,0,3,0,None,None,127,20,70,Medium Slow,Amorphous,Amorphous,Levitate,-,0,6,
95,Onix,35,80,160,70,30,45,Rock,Ground,45,128,0,0,1,0,0,0,None,None,127,25,70,Medium Fast,Mineral,Mineral,Heatproof,Sturdy,60,7,
96,Drowzee,60,48,45,42,43,90,Psychic,Psychic,190,102,0,0,0,0,0,1,None,None,127,20,70,Medium Fast,Human-Like,Human-Like,Insomnia,Bad Dreams,90,2,
97,Hypno,85,103,70,67,73,115,Psychic,Psychic,75,165,0,0,0,0,0,2,None,None,127,20,70,Medium Fast,Human-Like,Human-Like,Insomnia,Bad Dreams,60,2,
98,Krabby,30,105,90,50,25,25,Water,Ground,225,115,0,1,0,0,0,0,None,None,127,20,70,Medium Fast,Water 3,Water 3,Mold Breaker,Mold Breaker,90,0,
99,Kingler,65,130,115,75,50,50,Water,Water,60,206,0,2,0,0,0,0,None,None,127,20,70,Medium Fast,Water 3,Water 3,Mold Breaker,Mold Breaker,60,128,
100,Voltorb,40,30,50,100,55,55,Electric,Electric,190,103,0,0,0,1,0,0,None,None,255,20,70,Medium Fast,Mineral,Mineral,Solar Power,Solar Power,120,0,
101,Electrode,60,50,70,140,80,80,Electric,Electric,60,150,0,0,0,2,0,0,None,None,255,20,70,Medium Fast,Mineral,Mineral,Solar Power,Solar Power,0,0,
102,Exeggcute,60,40,80,40,60,45,Grass,Psychic,90,98,0,0,1,0,0,0,None,None,127,20,70,Slow,Grass,Grass,Chlorophyll,-,120,9,
103,Exeggutor,95,95,85,55,125,65,Grass,Psychic,45,212,0,0,0,0,2,0,None,None,127,20,70,Slow,Grass,Grass,Chlorophyll,-,0,2,
104,Cubone,50,50,95,35,40,50,Ground,Ground,190,87,0,0,1,0,0,0,None,Thick Club,127,20,70,Medium Fast,Monster,Monster,Rock Head,Technician,90,5,
105,Marowak,60,80,110,70,50,80,Ground,Ground,75,140,0,0,2,0,0,0,None,Thick Club,127,20,70,Medium Fast,Monster,Monster,Rock Head,Technician,60,5,
106,Hitmonlee,50,120,53,87,35,110,Fighting,Fighting,45,139,0,2,0,0,0,0,None,None,0,25,70,Medium Fast,Human-Like,Human-Like,Limber,Reckless,0,5,
107,Hitmonchan,50,105,79,76,35,110,Fighting,Fighting,45,140,0,0,0,0,0,2,None,None,0,25,70,Medium Fast,Human-Like,Human-Like,Keen Eye,Iron Fist,0,5,
108,Lickitung,90,55,75,30,60,75,Normal,Normal,45,127,2,0,0,0,0,0,None,Lagging Tail,127,20,70,Medium Fast,Monster,Monster,Thick Fat,Immunity,60,9,
109,Koffing,40,65,95,35,60,45,Poison,Poison,190,114,0,0,1,0,0,0,None,Smoke Ball,127,20,70,Medium Fast,Amorphous,Amorphous,Levitate,-,90,6,
110,Weezing,90,90,120,60,70,85,Poison,Poison,60,173,0,0,2,0,0,0,None,Smoke Ball,127,20,70,Medium Fast,Amorphous,Amorphous,Levitate,-,60,6,
111,Rhyhorn,80,85,95,25,30,30,Ground,Rock,120,135,0,0,1,0,0,0,None,None,127,20,70,Slow,Monster,Field,Reckless,Rock Head,90,7,
112,Rhydon,105,130,120,40,45,45,Ground,Rock,60,204,0,2,0,0,0,0,None,None,127,20,70,Slow,Monster,Field,Reckless,Rock Head,60,7,
113,Chansey,250,5,5,50,35,105,Normal,Normal,30,255,2,0,0,0,0,0,Oval Stone,Lucky Egg,254,40,140,Fast,Fairy,Fairy,Natural Cure,Serene Grace,90,9,
114,Tangela,65,55,115,60,100,40,Grass,Grass,45,166,0,0,1,0,0,0,None,None,127,20,70,Medium Fast,Grass,Grass,Chlorophyll,Leaf Guard,90,1,
115,Kangaskhan,105,95,80,90,40,80,Normal,Normal,45,175,2,0,0,0,0,0,None,None,254,20,70,Medium Fast,Monster,Monster,Early Bird,Scrappy,150,5,
116,Horsea,30,40,70,60,70,25,Water,Water,225,83,0,0,0,0,1,0,None,Dragon Scale,127,20,70,Medium Fast,Water 1,Dragon,Swift Swim,Sniper,0,1,
117,Seadra,65,75,95,85,95,75,Water,Water,75,155,0,0,1,0,1,0,None,Dragon Scale,127,20,70,Medium Fast,Water 1,Dragon,Poison Point,Sniper,0,1,
118,Goldeen,45,67,60,63,35,50,Water,Bug,225,111,0,1,0,0,0,0,None,None,127,20,70,Medium Fast,Water 2,Water 2,Swift Swim,Lightningrod,90,0,
119,Seaking,80,92,80,70,65,90,Water,Water,60,170,0,2,0,0,0,0,None,None,127,20,70,Medium Fast,Water 2,Water 2,Swift Swim,Lightningrod,60,0,
120,Staryu,30,45,55,85,70,55,Water,Water,225,106,0,0,0,1,0,0,Stardust,Star Piece,255,20,70,Slow,Water 3,Water 3,Illuminate,Natural Cure,0,133,
121,Starmie,60,75,85,115,100,85,Water,Psychic,60,207,0,0,0,2,0,0,Stardust,Star Piece,255,20,70,Slow,Water 3,Water 3,Illuminate,Natural Cure,0,6,
122,Mr. Mime,60,45,65,90,100,120,Psychic,Fairy,45,136,0,0,0,0,0,2,None,Leppa Berry,127,25,70,Medium Fast,Human-Like,Human-Like,Cloud Nine,Filter,90,9,
123,Scyther,70,110,80,105,55,80,Bug,Flying,45,187,0,1,0,0,0,0,None,None,127,25,70,Medium Fast,Bug,Bug,Swarm,Technician,0,3,
124,Jynx,65,50,35,95,120,95,Ice,Psychic,45,137,0,0,0,0,2,0,Aspear Berry,Aspear Berry,254,25,70,Medium Fast,Human-Like,Human-Like,Snow Warning,Snow Warning,0,0,
125,Electabuzz,65,83,57,105,95,85,Electric,Electric,45,156,0,0,0,2,0,0,None,None,63,25,70,Medium Fast,Human-Like,Human-Like,Static,Vital Spirit,120,130,
126,Magmar,65,95,57,93,100,85,Fire,Fire,45,167,0,0,0,0,2,0,None,None,63,25,70,Medium Fast,Human-Like,Human-Like,Flame Body,Vital Spirit,90,0,
127,Pinsir,65,125,100,85,55,70,Bug,Ground,45,200,0,2,0,0,0,0,None,None,127,25,70,Slow,Bug,Bug,Hyper Cutter,Mold Breaker,0,5,
128,Tauros,75,100,95,110,40,70,Normal,Normal,45,211,0,1,0,1,0,0,None,None,0,20,70,Slow,Field,Field,Intimidate,Anger Point,90,5,
129,Magikarp,20,10,55,80,15,20,Water,Water,255,20,0,0,0,1,0,0,None,None,127,5,70,Slow,Water 2,Dragon,Swift Swim,-,90,0,
130,Gyarados,95,125,79,81,60,100,Water,Fire,45,214,0,2,0,0,0,0,None,None,127,5,70,Slow,Water 2,Dragon,Intimidate,-,60,1,
131,Lapras,130,90,80,60,80,95,Water,Ice,45,219,2,0,0,0,0,0,None,None,127,40,70,Slow,Monster,Water 1,Technician,Shell Armor,60,1,
132,Ditto,48,48,48,48,48,48,Normal,Normal,35,61,1,0,0,0,0,0,Quick Powder,Metal Powder,255,20,70,Medium Fast,Ditto,Ditto,Limber,-,90,6,
133,Eevee,55,55,50,55,45,65,Normal,Normal,45,92,0,0,0,0,0,1,None,None,31,1,70,Medium Fast,Field,Field,Run Away,Adaptability,0,5,
134,Vaporeon,130,65,60,65,110,95,Water,Water,45,196,2,0,0,0,0,0,None,None,31,35,70,Medium Fast,Field,Field,Water Absorb,Hydration,0,1,
135,Jolteon,65,65,60,130,110,95,Electric,Electric,45,197,0,0,0,2,0,0,None,None,31,35,70,Medium Fast,Field,Field,Volt Absorb,Quick Feet,0,2,
136,Flareon,90,130,65,110,60,65,Fire,Fire,45,198,0,2,0,0,0,0,None,None,31,35,70,Medium Fast,Field,Field,Flash Fire,Guts,0,0,
137,Porygon,65,60,70,40,85,75,Normal,Normal,45,130,0,0,0,0,1,0,None,None,255,20,70,Medium Fast,Mineral,Mineral,Trace,Download,0,9,
138,Omanyte,35,40,100,35,90,55,Rock,Water,45,99,0,0,1,0,0,0,None,None,31,30,70,Medium Fast,Water 1,Water 3,Swift Swim,Shell Armor,0,1,
139,Omastar,70,60,125,55,115,70,Rock,Water,45,199,0,0,2,0,0,0,None,None,31,30,70,Medium Fast,Water 1,Water 3,Swift Swim,Shell Armor,0,1,
140,Kabuto,30,80,90,55,55,45,Rock,Water,45,99,0,0,1,0,0,0,None,None,31,30,70,Medium Fast,Water 1,Water 3,Swift Swim,Battle Armor,0,5,
141,Kabutops,60,115,105,80,65,70,Rock,Water,45,199,0,2,0,0,0,0,None,None,31,30,70,Medium Fast,Water 1,Water 3,Swift Swim,Battle Armor,0,5,
142,Aerodactyl,80,105,65,130,60,75,Rock,Flying,45,202,0,0,0,2,0,0,None,None,31,35,70,Slow,Flying,Flying,Rock Head,Pressure,0,6,
143,Snorlax,160,110,65,30,65,110,Normal,Normal,25,154,2,0,0,0,0,0,Leftovers,Leftovers,31,40,70,Slow,Monster,Monster,Immunity,Thick Fat,0,4,
144,Articuno,90,85,100,85,95,125,Ice,Flying,3,215,0,0,0,0,0,3,None,None,255,80,35,Slow,Undiscovered,Undiscovered,Pressure,Snow Cloak,0,1,
145,Zapdos,90,90,85,100,125,90,Electric,Flying,3,216,0,0,0,0,3,0,None,None,255,80,35,Slow,Undiscovered,Undiscovered,Pressure,Lightningrod,0,2,
146,Moltres,90,100,90,90,125,85,Fire,Flying,3,217,0,0,0,0,3,0,None,None,255,80,35,Slow,Undiscovered,Undiscovered,Pressure,Flame Body,0,2,
147,Dratini,41,64,45,50,50,50,Dragon,Dragon,45,67,0,1,0,0,0,0,None,Dragon Scale,127,40,35,Slow,Water 1,Dragon,Shed Skin,Marvel Scale,120,1,
148,Dragonair,61,84,65,70,70,70,Dragon,Dragon,45,144,0,2,0,0,0,0,None,Dragon Scale,127,40,35,Slow,Water 1,Dragon,Shed Skin,Marvel Scale,90,1,
149,Dragonite,91,134,95,80,100,100,Dragon,Flying,45,218,0,3,0,0,0,0,None,Dragon Scale,127,40,35,Slow,Water 1,Dragon,Inner Focus,Marvel Scale,0,5,
150,Mewtwo,106,110,90,130,154,90,Psychic,Psychic,3,220,0,0,0,0,3,0,None,None,255,120,0,Slow,Undiscovered,Undiscovered,Pressure,Magic Guard,0,6,
151,Mew,100,100,100,100,100,100,Psychic,Psychic,45,64,3,0,0,0,0,0,Lum Berry,Lum Berry,255,120,100,Medium Slow,Undiscovered,Undiscovered,Synchronize,Magic Guard,0,9,
152,Chikorita,45,49,65,45,49,65,Grass,Fairy,45,64,0,0,0,0,0,1,None,None,31,20,70,Medium Slow,Monster,Grass,Overgrow,Natural Cure,0,3,
153,Bayleef,60,62,80,60,63,80,Grass,Fairy,45,141,0,0,1,0,0,1,None,None,31,20,70,Medium Slow,Monster,Grass,Overgrow,Natural Cure,0,3,
154,Meganium,80,82,100,80,83,100,Grass,Fairy,45,208,0,0,1,0,0,2,None,None,31,20,70,Medium Slow,Monster,Grass,Overgrow,-,0,3,
155,Cyndaquil,39,52,43,65,60,50,Fire,Fire,45,65,0,0,0,1,0,0,None,None,31,20,70,Medium Slow,Field,Field,Blaze,Flash Fire,0,2,
156,Quilava,58,64,58,80,80,65,Fire,Fire,45,142,0,0,0,1,1,0,None,None,31,20,70,Medium Slow,Field,Field,Blaze,Flash Fire,0,2,
157,Typhlosion,78,84,78,100,109,85,Fire,Fire,45,209,0,0,0,0,3,0,None,None,31,20,70,Medium Slow,Field,Field,Blaze,Flash Fire,0,2,
158,Totodile,50,65,64,43,44,48,Water,Water,45,66,0,1,0,0,0,0,None,None,31,20,70,Medium Slow,Monster,Water 1,Torrent,Guts,0,1,
159,Croconaw,65,80,80,58,59,63,Water,Water,45,143,0,1,1,0,0,0,None,None,31,20,70,Medium Slow,Monster,Water 1,Torrent,Guts,0,129,
160,Feraligatr,85,105,100,78,79,83,Water,Water,45,210,0,2,1,0,0,0,None,None,31,20,70,Medium Slow,Monster,Water 1,Torrent,Intimidate,0,1,
161,Sentret,35,46,34,20,35,45,Normal,Normal,255,57,0,1,0,0,0,0,None,Oran Berry,127,15,70,Medium Fast,Field,Field,Pickup,Keen Eye,120,5,
162,Furret,85,86,64,108,45,55,Normal,Normal,90,126,0,0,0,2,0,0,Oran Berry,Sitrus Berry,127,15,70,Medium Fast,Field,Field,Scrappy,Keen Eye,90,5,
163,Hoothoot,60,30,30,50,36,56,Normal,Flying,255,58,1,0,0,0,0,0,None,None,127,15,70,Medium Fast,Flying,Flying,Insomnia,Tinted Lens,90,5,
164,Noctowl,100,50,50,70,86,96,Normal,Flying,90,162,2,0,0,0,0,0,None,None,127,15,70,Medium Fast,Flying,Flying,Insomnia,Tinted Lens,60,5,
165,Ledyba,40,20,30,55,40,80,Bug,Flying,255,54,0,0,0,0,0,1,None,None,127,15,70,Fast,Bug,Bug,Swarm,Early Bird,0,0,
166,Ledian,55,95,50,85,35,110,Bug,Flying,90,134,0,0,0,0,0,2,None,None,127,15,70,Fast,Bug,Bug,Iron Fist,Early Bird,0,0,
167,Spinarak,40,60,40,30,40,40,Bug,Poison,255,54,0,1,0,0,0,0,None,None,127,15,70,Fast,Bug,Bug,Sniper,Insomnia,0,3,
168,Ariados,70,90,70,80,60,60,Bug,Poison,90,134,0,2,0,0,0,0,None,None,127,15,70,Fast,Bug,Bug,Sniper,Insomnia,0,0,
169,Crobat,85,90,80,130,70,80,Poison,Flying,90,204,0,0,0,3,0,0,None,None,127,15,70,Medium Fast,Flying,Flying,Inner Focus,Anticipation,0,6,
170,Chinchou,75,38,38,67,56,56,Water,Electric,190,90,1,0,0,0,0,0,None,DeepSeaScale,127,20,70,Slow,Water 2,Water 2,Volt Absorb,Water Absorb,0,1,
171,Lanturn,125,58,58,67,86,86,Water,Electric,75,156,2,0,0,0,0,0,None,DeepSeaScale,127,20,70,Slow,Water 2,Water 2,Volt Absorb,Water Absorb,0,1,
172,Pichu,20,40,15,60,35,35,Electric,Electric,190,42,0,0,0,1,0,0,None,Oran Berry,127,10,70,Medium Fast,Undiscovered,Undiscovered,Static,Lightningrod,0,130,
173,Cleffa,50,25,28,15,45,55,Fairy,Fairy,150,37,0,0,0,0,0,1,Leppa Berry,Moon Stone,191,10,140,Fast,Undiscovered,Undiscovered,Cute Charm,Magic Guard,0,9,
174,Igglybuff,90,30,15,15,40,20,Normal,Fairy,170,39,1,0,0,0,0,0,None,None,191,10,70,Fast,Undiscovered,Undiscovered,Cute Charm,-,0,137,
175,Togepi,35,20,65,20,40,65,Fairy,Fairy,190,74,0,0,0,0,0,1,None,None,31,10,70,Fast,Undiscovered,Undiscovered,Super Luck,Serene Grace,0,8,
176,Togetic,55,40,85,40,80,105,Fairy,Flying,75,114,0,0,0,0,0,2,None,None,31,10,70,Fast,Flying,Fairy,Super Luck,Serene Grace,0,8,
177,Natu,40,50,45,70,70,45,Psychic,Flying,190,73,0,0,0,0,1,0,None,None,127,20,70,Medium Fast,Flying,Flying,Synchronize,Early Bird,0,3,
178,Xatu,65,75,70,95,95,70,Psychic,Flying,75,171,0,0,0,1,1,0,None,None,127,20,70,Medium Fast,Flying,Flying,Synchronize,Early Bird,0,3,
179,Mareep,55,40,40,35,65,45,Electric,Electric,235,59,0,0,0,0,1,0,None,None,127,20,70,Medium Slow,Monster,Field,Static,-,60,8,
180,Flaaffy,70,55,55,45,80,60,Electric,Electric,120,117,0,0,0,0,2,0,None,None,127,20,70,Medium Slow,Monster,Field,Static,-,0,9,
181,Ampharos,90,75,75,55,115,90,Electric,Electric,45,194,0,0,0,0,3,0,None,None,127,20,70,Medium Slow,Monster,Field,Static,-,0,2,
182,Bellossom,75,80,85,50,100,110,Grass,Grass,45,192,0,0,0,0,0,3,None,None,127,20,70,Medium Slow,Grass,Grass,Chlorophyll,Own Tempo,0,3,
183,Marill,70,20,50,40,50,50,Water,Fairy,190,58,2,0,0,0,0,0,None,None,127,10,70,Fast,Water 1,Fairy,Thick Fat,Huge Power,60,1,
184,Azumarill,110,50,80,50,90,80,Water,Fairy,75,153,3,0,0,0,0,0,None,None,127,10,70,Fast,Water 1,Fairy,Thick Fat,Huge Power,0,1,
185,Sudowoodo,75,115,130,30,30,80,Rock,Rock,65,135,0,0,2,0,0,0,None,None,127,20,70,Medium Fast,Mineral,Mineral,Sturdy,Rock Head,0,5,
186,Politoed,90,75,85,75,90,100,Water,Water,45,185,0,0,0,0,0,3,None,King's Rock,127,20,70,Medium Slow,Water 1,Water 1,Water Absorb,Drizzle,0,131,
187,Hoppip,35,35,40,50,35,55,Grass,Flying,255,74,0,0,0,0,0,1,None,None,127,20,70,Medium Slow,Fairy,Grass,Chlorophyll,Leaf Guard,90,9,
188,Skiploom,55,45,50,80,45,65,Grass,Flying,120,136,0,0,0,2,0,0,None,None,127,20,70,Medium Slow,Fairy,Grass,Chlorophyll,Leaf Guard,90,3,
189,Jumpluff,75,55,70,110,55,85,Grass,Flying,45,176,0,0,0,3,0,0,None,None,127,20,70,Medium Slow,Fairy,Grass,Chlorophyll,Leaf Guard,120,1,
190,Aipom,55,70,55,85,40,55,Normal,Normal,45,94,0,0,0,1,0,0,None,None,127,20,70,Fast,Field,Field,Run Away,Pickup,0,6,
191,Sunkern,30,30,30,30,30,30,Grass,Grass,235,52,0,0,0,0,1,0,None,Coba Berry,127,20,70,Medium Slow,Grass,Grass,Chlorophyll,Solar Power,90,2,
192,Sunflora,75,75,90,30,125,95,Grass,Grass,120,196,0,0,0,0,2,0,None,None,127,20,70,Medium Slow,Grass,Grass,Chlorophyll,Solar Power,0,2,
193,Yanma,65,65,45,95,75,45,Bug,Flying,75,147,0,0,0,1,0,0,None,Wide Lens,127,20,70,Medium Fast,Bug,Bug,Speed Boost,Compoundeyes,120,0,
194,Wooper,55,45,45,15,25,25,Water,Ground,255,52,1,0,0,0,0,0,None,None,127,20,70,Medium Fast,Water 1,Field,Unaware,Water Absorb,120,1,
195,Quagsire,95,95,95,35,65,65,Water,Ground,90,137,2,0,0,0,0,0,None,None,127,20,70,Medium Fast,Water 1,Field,Unaware,Water Absorb,60,1,
196,Espeon,65,65,60,110,130,95,Psychic,Psychic,45,197,0,0,0,0,2,0,None,None,31,35,70,Medium Fast,Field,Field,Synchronize,Magic Guard,0,6,
197,Umbreon,95,65,110,65,60,130,Dark,Dark,45,197,0,0,0,0,0,2,None,None,31,35,35,Medium Fast,Field,Field,Synchronize,Magic Guard,0,4,
198,Murkrow,60,85,42,91,85,42,Dark,Flying,30,107,0,0,0,1,0,0,None,None,127,20,35,Medium Slow,Flying,Flying,Insomnia,Super Luck,120,4,
199,Slowking,95,75,80,30,100,110,Water,Psychic,70,164,0,0,0,0,0,3,None,King's Rock,127,20,70,Medium Fast,Monster,Water 1,Oblivious,Anticipation,0,9,
200,Misdreavus,60,60,60,85,85,85,Ghost,Ghost,45,147,0,0,0,0,0,1,None,None,127,25,35,Fast,Amorphous,Amorphous,Levitate,-,120,7,
201,Unown,68,92,68,68,92,68,Psychic,Psychic,225,100,0,1,0,0,1,0,None,None,255,40,70,Medium Fast,Undiscovered,Undiscovered,Levitate,-,0,132,
202,Wobbuffet,190,33,58,33,33,58,Psychic,Psychic,45,177,2,0,0,0,0,0,None,None,127,20,70,Medium Fast,Amorphous,Amorphous,Shadow Tag,-,60,1,
203,Girafarig,70,80,65,105,110,65,Normal,Psychic,60,149,0,0,0,0,2,0,None,Persim Berry,127,20,70,Medium Fast,Field,Field,Inner Focus,Early Bird,60,2,
204,Pineco,50,65,90,15,35,35,Bug,Bug,190,60,0,0,1,0,0,0,None,None,127,20,70,Medium Fast,Bug,Bug,Sturdy,-,0,7,
205,Forretress,75,90,140,40,60,60,Bug,Steel,75,118,0,0,2,0,0,0,None,None,127,20,70,Medium Fast,Bug,Bug,Sturdy,-,0,6,
206,Dunsparce,105,80,70,45,65,65,Normal,Normal,190,125,1,0,0,0,0,0,None,None,127,20,70,Medium Fast,Field,Field,Serene Grace,Run Away,0,2,
207,Gligar,65,75,105,85,35,65,Ground,Flying,60,108,0,0,1,0,0,0,None,None,127,20,70,Medium Slow,Bug,Bug,Hyper Cutter,Immunity,0,6,
208,Steelix,75,90,200,30,55,65,Steel,Ground,25,196,0,0,2,0,0,0,None,Metal Coat,127,25,70,Medium Fast,Mineral,Mineral,Heatproof,Sturdy,0,7,
209,Snubbull,60,80,50,30,40,40,Fairy,Fairy,190,63,0,1,0,0,0,0,None,None,191,20,70,Fast,Field,Fairy,Intimidate,Run Away,0,9,
210,Granbull,90,120,75,45,60,60,Fairy,Fairy,75,178,0,2,0,0,0,0,None,None,191,20,70,Fast,Field,Fairy,Intimidate,Quick Feet,0,6,
211,Qwilfish,65,100,75,85,80,55,Water,Poison,45,109,0,1,0,0,0,0,None,Poison Barb,127,20,70,Medium Fast,Water 2,Water 2,Poison Point,Intimidate,0,7,
212,Scizor,70,130,100,65,55,80,Bug,Steel,25,200,0,2,0,0,0,0,None,None,127,25,70,Medium Fast,Bug,Bug,Swarm,Technician,0,0,
213,Shuckle,20,10,230,5,10,230,Bug,Rock,190,80,0,0,1,0,0,1,Berry Juice,Berry Juice,127,20,70,Medium Slow,Bug,Bug,Solid Rock,Gluttony,60,2,
214,Heracross,80,125,75,85,40,95,Bug,Fighting,45,200,0,2,0,0,0,0,None,None,127,25,70,Slow,Bug,Bug,Swarm,Guts,0,1,
215,Sneasel,55,95,55,115,35,75,Dark,Ice,60,132,0,0,0,1,0,0,Grip Claw,Quick Claw,127,20,35,Medium Slow,Field,Field,Inner Focus,Technician,0,132,
216,Teddiursa,60,80,50,40,50,50,Normal,Normal,120,124,0,1,0,0,0,0,None,None,127,20,70,Medium Fast,Field,Field,Pickup,Honey Gather,0,133,
217,Ursaring,90,130,75,55,75,75,Normal,Normal,60,189,0,2,0,0,0,0,None,None,127,20,70,Medium Fast,Field,Field,Guts,Quick Feet,0,5,
218,Slugma,40,40,40,20,70,40,Fire,Fire,190,78,0,0,0,0,1,0,None,None,127,20,70,Medium Fast,Amorphous,Amorphous,Magma Armor,Flame Body,0,0,
219,Magcargo,50,50,135,30,115,115,Fire,Rock,75,171,0,0,2,0,0,0,None,None,127,20,70,Medium Fast,Amorphous,Amorphous,Solid Rock,Flame Body,0,0,
220,Swinub,50,50,40,50,30,30,Ice,Ground,225,78,0,1,0,0,0,0,None,None,127,20,70,Slow,Field,Field,Thick Fat,Snow Cloak,0,5,
221,Piloswine,100,100,80,50,60,60,Ice,Ground,75,160,1,1,0,0,0,0,None,None,127,20,70,Slow,Field,Field,Oblivious,Snow Cloak,0,5,
222,Corsola,55,55,115,35,105,110,Water,Rock,60,113,0,0,1,0,0,1,None,Hard Stone,191,20,70,Fast,Water 1,Water 3,Hustle,Natural Cure,0,9,
223,Remoraid,35,65,35,65,65,35,Water,Water,190,78,0,0,0,0,1,0,None,None,127,20,70,Medium Fast,Water 1,Water 2,Hustle,Sniper,0,7,
224,Octillery,75,105,75,45,105,75,Water,Water,75,164,0,1,0,0,1,0,None,None,127,20,70,Medium Fast,Water 1,Water 2,Suction Cups,Sniper,0,0,
225,Delibird,45,55,45,75,65,45,Ice,Flying,45,183,0,0,0,1,0,0,None,None,127,20,70,Fast,Water 1,Field,Vital Spirit,Technician,0,0,
226,Mantine,65,40,70,70,80,140,Water,Flying,25,168,0,0,0,0,0,2,None,None,127,25,70,Slow,Water 1,Water 1,Swift Swim,Water Absorb,0,6,
227,Skarmory,65,80,140,70,40,70,Steel,Flying,25,168,0,0,2,0,0,0,None,None,127,25,70,Slow,Flying,Flying,Keen Eye,Rock Head,0,7,
228,Houndour,45,60,30,65,80,50,Dark,Fire,120,114,0,0,0,0,1,0,None,None,127,20,35,Slow,Field,Field,Early Bird,Flash Fire,120,4,
229,Houndoom,75,90,50,95,110,80,Dark,Fire,45,204,0,0,0,0,2,0,None,None,127,20,35,Slow,Field,Field,Intimidate,Flash Fire,90,4,
230,Kingdra,75,105,95,85,95,95,Water,Dragon,45,207,0,1,0,0,1,1,None,Dragon Scale,127,20,70,Medium Fast,Water 1,Dragon,Swift Swim,Sniper,0,1,
231,Phanpy,90,60,60,40,40,40,Ground,Ground,120,124,1,0,0,0,0,0,None,Passho Berry,127,20,70,Medium Fast,Field,Field,Pickup,-,0,1,
232,Donphan,90,120,120,50,60,60,Ground,Ground,60,189,0,1,1,0,0,0,None,Passho Berry,127,20,70,Medium Fast,Field,Field,Sturdy,-,0,7,
233,Porygon2,85,80,90,60,105,95,Normal,Normal,45,180,0,0,0,0,2,0,None,None,255,20,70,Medium Fast,Mineral,Mineral,Trace,Download,0,0,
234,Stantler,73,100,62,85,85,65,Normal,Normal,45,165,0,1,0,0,0,0,None,None,127,20,70,Slow,Field,Field,Intimidate,Frisk,60,5,
235,Smeargle,55,20,35,110,20,45,Normal,Normal,45,106,0,0,0,1,0,0,None,None,127,20,70,Fast,Field,Field,Own Tempo,Technician,60,8,
236,Tyrogue,35,35,35,35,35,35,Fighting,Fighting,75,91,0,1,0,0,0,0,None,None,0,25,70,Medium Fast,Undiscovered,Undiscovered,Guts,Steadfast,0,6,
237,Hitmontop,50,95,95,70,35,110,Fighting,Fighting,45,138,0,0,0,0,0,2,None,None,0,25,70,Medium Fast,Human-Like,Human-Like,Intimidate,Technician,0,5,
238,Smoochum,45,30,15,65,85,65,Ice,Psychic,45,87,0,0,0,0,1,0,Aspear Berry,Aspear Berry,254,25,70,Medium Fast,Undiscovered,Undiscovered,Hydration,Filter,0,9,
239,Elekid,45,63,37,95,65,55,Electric,Electric,45,106,0,0,0,1,0,0,None,None,63,25,70,Medium Fast,Undiscovered,Undiscovered,Static,Vital Spirit,0,130,
240,Magby,45,75,37,83,70,55,Fire,Fire,45,117,0,0,0,1,0,0,None,None,63,25,70,Medium Fast,Undiscovered,Undiscovered,Flame Body,Vital Spirit,0,128,
241,Miltank,95,80,105,100,40,70,Normal,Normal,45,200,0,0,2,0,0,0,Moomoo Milk,Moomoo Milk,254,20,70,Slow,Field,Field,Thick Fat,Scrappy,0,9,
242,Blissey,255,10,10,55,75,135,Normal,Normal,30,255,3,0,0,0,0,0,Oval Stone,Lucky Egg,254,40,140,Fast,Fairy,Fairy,Natural Cure,Serene Grace,0,9,
243,Raikou,90,85,75,115,115,100,Electric,Electric,3,216,0,0,0,2,1,0,None,None,255,80,35,Slow,Undiscovered,Undiscovered,Pressure,Volt Absorb,0,2,
244,Entei,115,115,85,100,90,75,Fire,Fire,3,217,1,2,0,0,0,0,None,None,255,80,35,Slow,Undiscovered,Undiscovered,Pressure,Flash Fire,0,5,
245,Suicune,100,75,115,85,90,115,Water,Water,3,215,0,0,1,0,0,2,None,None,255,80,35,Slow,Undiscovered,Undiscovered,Pressure,Water Absorb,0,1,
246,Larvitar,50,64,50,41,45,50,Rock,Ground,45,67,0,1,0,0,0,0,None,None,127,40,35,Slow,Monster,Monster,Guts,Battle Armor,90,3,
247,Pupitar,70,84,70,51,65,70,Rock,Ground,45,144,0,2,0,0,0,0,None,None,127,40,35,Slow,Monster,Monster,Shed Skin,Battle Armor,0,7,
248,Tyranitar,100,134,110,61,95,100,Rock,Dark,45,218,0,3,0,0,0,0,None,None,127,40,35,Slow,Monster,Monster,Sand Stream,Battle Armor,0,3,
249,Lugia,106,90,130,110,90,154,Psychic,Flying,3,220,0,0,0,0,0,3,None,None,255,120,0,Slow,Undiscovered,Undiscovered,Pressure,-,0,8,
250,Ho-oh,106,130,90,90,110,154,Fire,Flying,3,220,0,0,0,0,0,3,Sacred Ash,Sacred Ash,255,120,0,Slow,Undiscovered,Undiscovered,Pressure,-,0,0,
251,Celebi,100,100,100,100,100,100,Psychic,Grass,45,64,3,0,0,0,0,0,Lum Berry,Lum Berry,255,120,100,Medium Slow,Undiscovered,Undiscovered,Natural Cure,Magic Guard,0,3,
252,Treecko,40,45,35,70,65,55,Grass,Grass,45,65,0,0,0,1,0,0,None,None,31,20,70,Medium Slow,Monster,Dragon,Overgrow,Unburden,0,3,
253,Grovyle,50,65,45,95,85,65,Grass,Grass,45,141,0,0,0,2,0,0,None,None,31,20,70,Medium Slow,Monster,Dragon,Overgrow,Unburden,0,3,
254,Sceptile,70,85,65,120,105,85,Grass,Grass,45,208,0,0,0,3,0,0,None,None,31,20,70,Medium Slow,Monster,Dragon,Overgrow,Unburden,0,3,
255,Torchic,45,60,40,45,70,50,Fire,Fire,45,65,0,0,0,0,1,0,None,None,31,20,70,Medium Slow,Field,Field,Blaze,Speed Boost,0,0,
256,Combusken,60,85,60,55,85,60,Fire,Fighting,45,142,0,1,0,0,1,0,None,None,31,20,70,Medium Slow,Field,Field,Blaze,Speed Boost,0,0,
257,Blaziken,80,120,70,80,110,70,Fire,Fighting,45,209,0,3,0,0,0,0,None,None,31,20,70,Medium Slow,Field,Field,Blaze,Speed Boost,0,0,
258,Mudkip,50,70,50,40,50,50,Water,Water,45,65,0,1,0,0,0,0,None,None,31,20,70,Medium Slow,Monster,Water 1,Torrent,Damp,0,1,
259,Marshtomp,70,85,70,50,60,70,Water,Ground,45,143,0,2,0,0,0,0,None,None,31,20,70,Medium Slow,Monster,Water 1,Torrent,Damp,0,1,
260,Swampert,100,110,90,60,85,90,Water,Ground,45,210,0,3,0,0,0,0,None,None,31,20,70,Medium Slow,Monster,Water 1,Torrent,Damp,0,1,
261,Poochyena,35,55,35,35,30,30,Dark,Dark,255,55,0,1,0,0,0,0,None,Pecha Berry,127,15,70,Medium Fast,Field,Field,Run Away,Quick Feet,0,7,
262,Mightyena,70,105,70,80,60,60,Dark,Dark,127,128,0,2,0,0,0,0,None,Pecha Berry,127,15,70,Medium Fast,Field,Field,Intimidate,Quick Feet,0,7,
263,Zigzagoon,38,30,41,60,30,41,Normal,Normal,255,60,0,0,0,1,0,0,None,Oran Berry,127,15,70,Medium Fast,Field,Field,Pickup,Gluttony,120,5,
264,Linoone,78,90,61,105,50,61,Normal,Normal,90,128,0,0,0,2,0,0,Oran Berry,Sitrus Berry,127,15,70,Medium Fast,Field,Field,Pickup,Gluttony,90,8,
265,Wurmple,45,45,35,20,20,30,Bug,Bug,255,54,1,0,0,0,0,0,None,None,127,15,70,Medium Fast,Bug,Bug,Shield Dust,Run Away,0,0,
266,Silcoon,50,35,55,15,25,25,Bug,Bug,120,72,0,0,2,0,0,0,None,None,127,15,70,Medium Fast,Bug,Bug,Shed Skin,Shed Skin,0,8,
267,Beautifly,60,70,50,85,105,65,Bug,Flying,45,161,0,0,0,0,3,0,None,Shed Shell,127,15,70,Medium Fast,Bug,Bug,Swarm,Shield Dust,0,2,
268,Cascoon,50,35,55,15,25,25,Bug,Bug,120,72,0,0,2,0,0,0,None,None,127,15,70,Medium Fast,Bug,Bug,Shed Skin,Shed Skin,0,6,
269,Dustox,60,50,70,65,65,105,Bug,Poison,45,161,0,0,0,0,0,3,None,Shed Shell,127,15,70,Medium Fast,Bug,Bug,Shield Dust,Compoundeyes,0,3,
270,Lotad,40,30,30,30,40,50,Water,Grass,255,74,0,0,0,0,0,1,None,None,127,15,70,Medium Slow,Water 1,Grass,Swift Swim,Rain Dish,90,3,
271,Lombre,60,50,50,50,60,70,Water,Grass,120,141,0,0,0,0,0,2,None,None,127,15,70,Medium Slow,Water 1,Grass,Swift Swim,Rain Dish,60,3,
272,Ludicolo,80,70,70,70,90,100,Water,Grass,45,181,0,0,0,0,0,3,None,None,127,15,70,Medium Slow,Water 1,Grass,Swift Swim,Rain Dish,0,3,
273,Seedot,40,40,50,30,30,30,Grass,Grass,255,74,0,0,1,0,0,0,None,None,127,15,70,Medium Slow,Field,Grass,Chlorophyll,Early Bird,90,5,
274,Nuzleaf,70,70,40,60,60,40,Grass,Dark,120,141,0,2,0,0,0,0,None,None,127,15,70,Medium Slow,Field,Grass,Chlorophyll,Early Bird,60,5,
275,Shiftry,90,100,60,80,90,60,Grass,Dark,45,181,0,3,0,0,0,0,None,None,127,15,70,Medium Slow,Field,Grass,Chlorophyll,Early Bird,0,5,
276,Taillow,40,55,30,85,30,30,Normal,Flying,200,59,0,0,0,1,0,0,None,Charti Berry,127,15,70,Medium Slow,Flying,Flying,Guts,Scrappy,0,1,
277,Swellow,70,95,60,125,50,50,Normal,Flying,45,162,0,0,0,2,0,0,None,Charti Berry,127,15,70,Medium Slow,Flying,Flying,Guts,Scrappy,0,1,
278,Wingull,40,30,30,85,55,30,Water,Flying,190,64,0,0,0,1,0,0,None,None,127,20,70,Medium Fast,Water 1,Flying,Keen Eye,Rain Dish,0,8,
279,Pelipper,60,50,120,65,95,70,Water,Flying,45,164,0,0,2,0,0,0,None,None,127,20,70,Medium Fast,Water 1,Flying,Keen Eye,Rain Dish,0,2,
280,Ralts,28,25,25,40,65,35,Psychic,Fairy,235,70,0,0,0,0,1,0,None,None,127,20,35,Slow,Amorphous,Amorphous,Synchronize,Trace,0,8,
281,Kirlia,38,35,35,50,95,55,Psychic,Fairy,120,140,0,0,0,0,2,0,None,None,127,20,35,Slow,Amorphous,Amorphous,Synchronize,Trace,0,8,
282,Gardevoir,68,65,65,80,125,115,Psychic,Fairy,45,208,0,0,0,0,3,0,None,None,127,20,35,Slow,Amorphous,Amorphous,Synchronize,Trace,0,8,
283,Surskit,40,30,32,65,50,52,Bug,Water,200,63,0,0,0,1,0,0,None,None,127,15,70,Medium Fast,Water 1,Bug,Swift Swim,Rain Dish,120,1,
284,Masquerain,70,60,62,90,100,102,Bug,Water,75,158,0,0,0,0,1,1,None,SilverPowder,127,15,70,Medium Fast,Water 1,Bug,Levitate,Levitate,90,1,
285,Shroomish,60,40,60,35,40,60,Grass,Grass,255,65,1,0,0,0,0,0,None,Kebia Berry,127,15,70,Fluctuating,Fairy,Grass,Effect Spore,Poison Heal,120,5,
286,Breloom,60,130,80,70,60,60,Grass,Fighting,90,165,0,2,0,0,0,0,None,Kebia Berry,127,15,70,Fluctuating,Fairy,Grass,Technician,Poison Heal,90,3,
287,Slakoth,60,60,60,30,35,35,Normal,Normal,255,83,1,0,0,0,0,0,None,None,127,15,70,Slow,Field,Field,Truant,Slow Start,0,5,
288,Vigoroth,80,80,80,90,55,55,Normal,Normal,120,126,0,0,0,2,0,0,None,None,127,15,70,Slow,Field,Field,Vital Spirit,Vital Spirit,90,8,
289,Slaking,150,160,100,100,95,65,Normal,Normal,45,210,3,0,0,0,0,0,None,None,127,15,70,Slow,Field,Field,Truant,-,0,5,
290,Nincada,31,45,90,40,30,30,Bug,Ground,255,65,0,0,1,0,0,0,None,None,127,15,70,Erratic,Bug,Bug,Compoundeyes,-,0,7,
291,Ninjask,61,90,45,160,50,50,Bug,Flying,120,155,0,0,0,2,0,0,None,None,127,15,70,Erratic,Bug,Bug,Speed Boost,-,0,2,
292,Shedinja,1,90,45,40,30,30,Bug,Ghost,45,95,2,0,0,0,0,0,None,None,255,15,70,Erratic,Mineral,Mineral,Wonder Guard,-,0,5,
293,Whismur,64,51,23,28,51,23,Normal,Normal,190,68,1,0,0,0,0,0,None,Chesto Berry,127,20,70,Medium Slow,Monster,Field,Soundproof,Soundproof,0,9,
294,Loudred,84,71,43,48,71,43,Normal,Normal,120,126,2,0,0,0,0,0,None,Chesto Berry,127,20,70,Medium Slow,Monster,Field,Soundproof,Scrappy,0,1,
295,Exploud,104,91,63,68,91,63,Normal,Normal,45,184,3,0,0,0,0,0,None,Chesto Berry,127,20,70,Medium Slow,Monster,Field,Soundproof,Scrappy,0,1,
296,Makuhita,72,60,30,25,20,30,Fighting,Fighting,180,87,1,0,0,0,0,0,None,None,63,20,70,Fluctuating,Human-Like,Human-Like,Thick Fat,Guts,0,2,
297,Hariyama,144,120,60,50,40,60,Fighting,Fighting,200,184,2,0,0,0,0,0,None,King's Rock,63,20,70,Fluctuating,Human-Like,Human-Like,Thick Fat,Guts,0,5,
298,Azurill,50,20,40,20,20,40,Normal,Fairy,150,33,1,0,0,0,0,0,None,None,191,10,70,Fast,Undiscovered,Undiscovered,Thick Fat,Huge Power,120,1,
299,Nosepass,30,45,135,30,65,90,Rock,Rock,255,108,0,0,1,0,0,0,None,Hard Stone,127,20,70,Medium Fast,Mineral,Mineral,Sturdy,Magnet Pull,60,7,
300,Skitty,50,45,45,50,35,35,Normal,Normal,255,65,0,0,0,1,0,0,None,Leppa Berry,191,15,70,Fast,Field,Fairy,Cute Charm,Normalize,0,9,
301,Delcatty,70,75,65,90,95,55,Normal,Normal,60,138,1,0,0,1,0,0,None,Leppa Berry,191,15,70,Fast,Field,Fairy,Cute Charm,Normalize,0,6,
302,Sableye,60,95,95,50,65,85,Dark,Ghost,45,118,0,1,1,0,0,0,None,None,127,25,35,Medium Slow,Human-Like,Human-Like,Steadfast,Stall,0,6,
303,Mawile,60,105,90,50,55,90,Steel,Fairy,45,118,0,1,1,0,0,0,None,Occa Berry,127,20,70,Fast,Field,Fairy,Hyper Cutter,Intimidate,0,4,
304,Aron,50,70,100,30,40,40,Steel,Rock,180,96,0,0,1,0,0,0,None,Hard Stone,127,35,35,Slow,Monster,Monster,Sturdy,Rock Head,90,7,
305,Lairon,60,90,140,40,50,50,Steel,Rock,90,152,0,0,2,0,0,0,None,Hard Stone,127,35,35,Slow,Monster,Monster,Sturdy,Rock Head,60,7,
306,Aggron,70,110,180,50,60,60,Steel,Rock,45,205,0,0,3,0,0,0,None,Hard Stone,127,35,35,Slow,Monster,Monster,Sturdy,Rock Head,0,7,
307,Meditite,30,40,55,60,40,55,Fighting,Psychic,180,91,0,0,0,1,0,0,None,None,127,20,70,Medium Fast,Human-Like,Human-Like,Pure Power,-,90,1,
308,Medicham,60,60,75,80,60,75,Fighting,Psychic,90,153,0,0,0,2,0,0,None,None,127,20,70,Medium Fast,Human-Like,Human-Like,Pure Power,-,60,0,
309,Electrike,40,45,40,65,65,40,Electric,Electric,120,104,0,0,0,1,0,0,None,None,127,20,70,Slow,Field,Field,Static,Lightningrod,120,3,
310,Manectric,70,75,60,105,105,60,Electric,Electric,45,168,0,0,0,2,0,0,None,None,127,20,70,Slow,Field,Field,Static,Lightningrod,90,2,
311,Plusle,60,50,50,115,90,85,Electric,Electric,200,120,0,0,0,1,0,0,None,None,127,20,70,Medium Fast,Fairy,Fairy,Plus,Static,0,2,
312,Minun,60,50,50,115,85,90,Electric,Electric,200,120,0,0,0,1,0,0,None,None,127,20,70,Medium Fast,Fairy,Fairy,Minus,Static,0,2,
313,Volbeat,80,30,60,90,100,90,Bug,Electric,150,146,0,0,0,1,0,0,None,None,0,15,70,Erratic,Bug,Human-Like,Illuminate,Swarm,90,7,
314,Illumise,80,30,60,90,90,100,Bug,Electric,150,146,0,0,0,1,0,0,None,None,254,15,70,Fluctuating,Bug,Human-Like,Oblivious,Tinted Lens,90,6,
315,Roselia,50,60,45,65,100,80,Grass,Poison,150,152,0,0,0,0,2,0,None,Poison Barb,127,20,70,Medium Slow,Fairy,Grass,Natural Cure,Poison Point,60,131,
316,Gulpin,70,43,53,40,43,53,Poison,Poison,225,75,1,0,0,0,0,0,None,Big Pearl,127,20,70,Fluctuating,Amorphous,Amorphous,Liquid Ooze,Sticky Hold,120,3,
317,Swalot,100,83,83,55,83,83,Poison,Poison,75,168,2,0,0,0,0,0,None,Big Pearl,127,20,70,Fluctuating,Amorphous,Amorphous,Liquid Ooze,Sticky Hold,0,6,
318,Carvanha,45,90,20,65,65,20,Water,Dark,225,88,0,1,0,0,0,0,None,DeepSeaTooth,127,20,35,Slow,Water 2,Water 2,Rough Skin,Speed Boost,90,0,
319,Sharpedo,70,120,40,95,95,40,Water,Dark,60,175,0,2,0,0,0,0,None,DeepSeaTooth,127,20,35,Slow,Water 2,Water 2,Rough Skin,Speed Boost,0,1,
320,Wailmer,130,70,35,60,70,35,Water,Water,125,137,1,0,0,0,0,0,None,None,127,40,70,Fluctuating,Field,Water 2,Pressure,Oblivious,0,1,
321,Wailord,170,90,45,60,90,45,Water,Water,60,206,2,0,0,0,0,0,None,None,127,40,70,Fluctuating,Field,Water 2,Pressure,Oblivious,0,1,
322,Numel,60,60,40,35,65,45,Fire,Ground,255,88,0,0,0,0,1,0,Rawst Berry,Rawst Berry,127,20,70,Medium Fast,Field,Field,Own Tempo,Simple,0,2,
323,Camerupt,70,100,70,40,105,75,Fire,Ground,150,175,0,1,0,0,1,0,Rawst Berry,Rawst Berry,127,20,70,Medium Fast,Field,Field,Anger Point,Solid Rock,0,0,
324,Torkoal,70,100,140,20,100,70,Fire,Fire,90,161,0,0,2,0,0,0,None,None,127,20,70,Medium Fast,Field,Field,White Smoke,-,60,5,
325,Spoink,60,25,35,60,70,80,Psychic,Psychic,255,89,0,0,0,0,0,1,None,Tanga Berry,127,20,70,Fast,Field,Field,Thick Fat,Own Tempo,0,4,
326,Grumpig,80,45,65,80,90,110,Psychic,Psychic,60,164,0,0,0,0,0,2,None,Tanga Berry,127,20,70,Fast,Field,Field,Thick Fat,Own Tempo,0,6,
327,Spinda,80,80,80,80,80,80,Normal,Normal,255,129,0,0,0,0,1,0,None,Chesto Berry,127,15,70,Fast,Field,Human-Like,Own Tempo,Tangled Feet,60,133,
328,Trapinch,45,100,45,10,45,45,Ground,Ground,255,73,0,1,0,0,0,0,None,Soft Sand,127,20,70,Medium Slow,Bug,Bug,Hyper Cutter,Arena Trap,120,5,
329,Vibrava,50,70,50,70,50,50,Ground,Dragon,120,126,0,1,0,1,0,0,None,None,127,20,70,Medium Slow,Bug,Bug,Levitate,Levitate,90,3,
330,Flygon,80,110,80,100,100,80,Ground,Dragon,45,197,0,1,0,2,0,0,None,None,127,20,70,Medium Slow,Bug,Bug,Levitate,Levitate,0,3,
331,Cacnea,50,85,40,35,85,40,Grass,Grass,190,97,0,0,0,0,1,0,None,Sticky Barb,127,20,35,Medium Slow,Grass,Human-Like,Sand Veil,Water Absorb,90,3,
332,Cacturne,70,115,60,55,115,60,Grass,Dark,60,177,0,1,0,0,1,0,None,Sticky Barb,127,20,35,Medium Slow,Grass,Human-Like,Sand Veil,Water Absorb,60,3,
333,Swablu,45,40,60,50,40,75,Normal,Flying,255,74,0,0,0,0,0,1,None,None,127,20,70,Erratic,Flying,Dragon,Natural Cure,-,0,1,
334,Altaria,75,70,100,80,90,105,Dragon,Flying,45,188,0,0,0,0,0,2,None,None,127,20,70,Erratic,Flying,Dragon,Natural Cure,Cloud Nine,0,1,
335,Zangoose,73,115,60,90,60,60,Normal,Normal,90,165,0,2,0,0,0,0,None,Quick Claw,127,20,70,Erratic,Field,Field,Immunity,-,90,136,
336,Seviper,73,100,60,65,100,60,Poison,Poison,90,165,0,1,0,0,1,0,None,None,127,20,70,Fluctuating,Field,Dragon,Shed Skin,-,90,132,
337,Lunatone,70,55,65,70,115,85,Rock,Psychic,45,150,0,0,0,0,2,0,None,Moon Stone,255,25,70,Fast,Mineral,Mineral,Levitate,-,60,2,
338,Solrock,70,115,85,70,55,65,Rock,Psychic,45,150,0,2,0,0,0,0,None,Sun Stone,255,25,70,Fast,Mineral,Mineral,Levitate,-,60,0,
339,Barboach,50,48,43,60,46,41,Water,Ground,190,92,1,0,0,0,0,0,None,None,127,20,70,Medium Fast,Water 2,Water 2,Oblivious,Anticipation,120,7,
340,Whiscash,110,78,73,60,76,71,Water,Ground,75,158,2,0,0,0,0,0,None,None,127,20,70,Medium Fast,Water 2,Water 2,Oblivious,Anticipation,0,1,
341,Corphish,43,80,65,35,50,35,Water,Water,205,111,0,1,0,0,0,0,None,None,127,15,70,Fluctuating,Water 1,Water 3,Adaptability,Shell Armor,90,0,
342,Crawdaunt,63,120,85,55,90,55,Water,Dark,155,161,0,2,0,0,0,0,None,None,127,15,70,Fluctuating,Water 1,Water 3,Adaptability,Shell Armor,0,0,
343,Baltoy,40,40,55,55,40,70,Ground,Psychic,255,58,0,0,0,0,0,1,None,None,255,20,70,Medium Fast,Mineral,Mineral,Levitate,-,0,5,
344,Claydol,60,70,105,75,70,120,Ground,Psychic,90,189,0,0,0,0,0,2,None,None,255,20,70,Medium Fast,Mineral,Mineral,Levitate,-,0,4,
345,Lileep,66,41,77,23,61,87,Rock,Grass,45,99,0,0,0,0,0,1,None,Big Root,31,30,70,Erratic,Water 3,Water 3,Suction Cups,Storm Drain,0,6,
346,Cradily,86,81,97,43,81,107,Rock,Grass,45,199,0,0,0,0,0,2,None,Big Root,31,30,70,Erratic,Water 3,Water 3,Suction Cups,Storm Drain,0,3,
347,Anorith,45,95,50,75,40,50,Rock,Bug,45,99,0,1,0,0,0,0,None,None,31,30,70,Erratic,Water 3,Water 3,Battle Armor,Swift Swim,0,7,
348,Armaldo,75,125,100,45,70,80,Rock,Bug,45,199,0,2,0,0,0,0,None,None,31,30,70,Erratic,Water 3,Water 3,Battle Armor,Swift Swim,0,7,
349,Feebas,20,15,20,80,10,55,Water,Water,255,61,0,0,0,1,0,0,None,None,127,20,70,Erratic,Water 1,Dragon,Swift Swim,Adaptability,0,5,
350,Milotic,95,60,79,81,100,125,Water,Water,60,213,0,0,0,0,0,2,None,None,127,20,70,Erratic,Water 1,Dragon,Marvel Scale,Cute Charm,0,9,
351,Castform,70,70,70,80,110,80,Normal,Normal,45,145,1,0,0,0,0,0,Mystic Water,Mystic Water,127,25,70,Medium Fast,Fairy,Amorphous,Forecast,-,0,8,
352,Kecleon,80,100,80,40,60,120,Normal,Normal,200,132,0,0,0,0,0,1,None,Persim Berry,127,20,70,Medium Slow,Field,Field,Color Change,-,120,3,
353,Shuppet,44,75,35,45,73,33,Ghost,Ghost,225,97,0,1,0,0,0,0,None,Spell Tag,127,25,35,Fast,Amorphous,Amorphous,Insomnia,Frisk,150,4,
354,Banette,64,115,65,65,103,63,Ghost,Ghost,45,179,0,2,0,0,0,0,None,Spell Tag,127,25,35,Fast,Amorphous,Amorphous,Insomnia,Frisk,90,4,
355,Duskull,20,40,90,25,30,90,Ghost,Ghost,190,97,0,0,0,0,0,1,None,Kasib Berry,127,25,35,Fast,Amorphous,Amorphous,Levitate,-,120,4,
356,Dusclops,40,70,130,25,60,130,Ghost,Ghost,90,179,0,0,1,0,0,1,None,Kasib Berry,127,25,35,Fast,Amorphous,Amorphous,Pressure,-,90,4,
357,Tropius,110,90,90,65,90,90,Grass,Flying,200,200,2,0,0,0,0,0,None,None,127,25,70,Slow,Monster,Grass,Chlorophyll,Solar Power,60,3,
358,Chimecho,65,50,70,90,110,100,Psychic,Psychic,45,147,0,0,0,0,1,1,None,Colbur Berry,127,25,70,Fast,Amorphous,Amorphous,Levitate,-,90,1,
359,Absol,65,130,60,75,75,60,Dark,Dark,30,174,0,2,0,0,0,0,None,None,127,25,35,Medium Slow,Field,Field,Pressure,Super Luck,0,136,
360,Wynaut,95,23,48,23,23,48,Psychic,Psychic,125,44,1,0,0,0,0,0,None,None,127,20,70,Medium Fast,Undiscovered,Undiscovered,Shadow Tag,-,0,1,
361,Snorunt,50,50,50,50,50,50,Ice,Ice,190,74,1,0,0,0,0,0,None,Babiri Berry,127,20,70,Medium Fast,Fairy,Mineral,Inner Focus,Ice Body,0,7,
362,Glalie,80,100,120,60,80,60,Ice,Rock,75,187,2,0,0,0,0,0,None,Babiri Berry,127,20,70,Medium Fast,Fairy,Mineral,Levitate,Levitate,0,7,
363,Spheal,70,40,50,25,55,50,Ice,Water,255,75,1,0,0,0,0,0,None,None,127,20,70,Medium Slow,Water 1,Field,Thick Fat,Ice Body,90,1,
364,Sealeo,90,60,70,45,75,70,Ice,Water,120,128,2,0,0,0,0,0,None,None,127,20,70,Medium Slow,Water 1,Field,Thick Fat,Ice Body,60,1,
365,Walrein,110,80,90,65,95,90,Ice,Water,45,192,3,0,0,0,0,0,None,None,127,20,70,Medium Slow,Water 1,Field,Thick Fat,Ice Body,0,1,
366,Clamperl,35,64,85,32,74,55,Water,Water,255,142,0,0,1,0,0,0,None,Big Pearl,127,20,70,Erratic,Water 1,Water 1,Shell Armor,-,0,1,
367,Huntail,55,104,105,52,94,75,Water,Water,60,178,0,1,1,0,0,0,None,DeepSeaTooth,127,20,70,Erratic,Water 1,Water 1,Swift Swim,-,0,1,
368,Gorebyss,55,84,105,52,114,75,Water,Water,60,178,0,0,0,0,2,0,None,DeepSeaScale,127,20,70,Erratic,Water 1,Water 1,Swift Swim,-,0,9,
369,Relicanth,100,90,130,55,45,65,Water,Rock,25,198,1,0,1,0,0,0,None,DeepSeaScale,31,40,70,Slow,Water 1,Water 2,Swift Swim,Rock Head,0,7,
370,Luvdisc,55,30,60,125,100,80,Water,Water,225,141,0,0,0,1,0,0,Heart Scale,Heart Scale,191,20,70,Fast,Water 2,Water 2,Swift Swim,Hydration,0,9,
371,Bagon,45,75,60,50,40,30,Dragon,Dragon,45,89,0,1,0,0,0,0,None,Dragon Fang,127,40,35,Slow,Dragon,Dragon,Rock Head,-,90,1,
372,Shelgon,65,95,100,50,60,50,Dragon,Dragon,45,144,0,0,2,0,0,0,None,Dragon Fang,127,40,35,Slow,Dragon,Dragon,Rock Head,-,120,8,
373,Salamence,95,135,80,100,110,80,Dragon,Flying,45,218,0,3,0,0,0,0,None,Dragon Fang,127,40,35,Slow,Dragon,Dragon,Intimidate,-,0,1,
374,Beldum,40,55,80,30,35,60,Steel,Psychic,3,103,0,0,1,0,0,0,None,Metal Coat,255,40,35,Slow,Mineral,Mineral,Clear Body,Rock Head,90,1,
375,Metang,60,75,100,50,55,80,Steel,Psychic,3,153,0,0,2,0,0,0,None,Metal Coat,255,40,35,Slow,Mineral,Mineral,Clear Body,Iron Fist,60,1,
376,Metagross,80,135,130,70,95,90,Steel,Psychic,3,210,0,0,3,0,0,0,None,Metal Coat,255,40,35,Slow,Mineral,Mineral,Clear Body,Iron Fist,0,1,
377,Regirock,80,100,200,50,50,100,Rock,Rock,3,217,0,0,3,0,0,0,None,None,255,80,35,Slow,Undiscovered,Undiscovered,Clear Body,Sturdy,0,5,
378,Regice,80,50,100,50,100,200,Ice,Ice,3,216,0,0,0,0,0,3,None,None,255,80,35,Slow,Undiscovered,Undiscovered,Clear Body,Ice Body,0,1,
379,Registeel,80,75,150,50,75,150,Steel,Steel,3,215,0,0,2,0,0,1,None,None,255,80,35,Slow,Undiscovered,Undiscovered,Clear Body,Sturdy,0,7,
380,Latias,80,80,90,110,110,130,Dragon,Psychic,3,211,0,0,0,0,0,3,None,None,254,120,90,Slow,Undiscovered,Undiscovered,Levitate,-,0,0,
381,Latios,80,90,80,110,130,110,Dragon,Psychic,3,211,0,0,0,0,3,0,None,None,0,120,90,Slow,Undiscovered,Undiscovered,Levitate,-,0,1,
382,Kyogre,100,100,90,90,150,140,Water,Water,5,218,0,0,0,0,3,0,None,None,255,120,0,Slow,Undiscovered,Undiscovered,Drizzle,-,0,1,
383,Groudon,100,150,140,90,100,90,Ground,Ground,5,218,0,3,0,0,0,0,None,None,255,120,0,Slow,Undiscovered,Undiscovered,Drought,-,0,0,
384,Rayquaza,105,150,90,95,150,90,Dragon,Flying,3,220,0,2,0,0,1,0,None,None,255,120,0,Slow,Undiscovered,Undiscovered,Air Lock,-,0,3,
385,Jirachi,100,100,100,100,100,100,Steel,Psychic,3,215,3,0,0,0,0,0,Star Piece,Star Piece,255,120,100,Slow,Undiscovered,Undiscovered,Serene Grace,Magic Guard,0,2,
386,Deoxys (N),50,150,50,150,150,50,Psychic,Psychic,3,215,0,1,0,1,1,0,None,None,255,120,0,Slow,Undiscovered,Undiscovered,Pressure,-,0,0,
387,Turtwig,55,68,64,31,45,55,Grass,Grass,45,64,0,1,0,0,0,0,None,None,31,20,70,Medium Slow,Monster,Grass,Overgrow,Shell Armor,0,3,
388,Grotle,75,89,85,36,55,65,Grass,Grass,45,141,0,1,1,0,0,0,None,None,31,20,70,Medium Slow,Monster,Grass,Overgrow,Shell Armor,0,3,
389,Torterra,95,109,105,56,75,85,Grass,Ground,45,208,0,2,1,0,0,0,None,None,31,20,70,Medium Slow,Monster,Grass,Overgrow,Shell Armor,0,131,
390,Chimchar,44,58,44,61,58,44,Fire,Fire,45,65,0,0,0,1,0,0,None,None,31,20,70,Medium Slow,Field,Human-Like,Blaze,Iron Fist,0,133,
391,Monferno,64,78,52,81,78,52,Fire,Fighting,45,142,0,0,0,1,1,0,None,None,31,20,70,Medium Slow,Field,Human-Like,Blaze,Iron Fist,0,133,
392,Infernape,76,104,71,108,104,71,Fire,Fighting,45,209,0,1,0,1,1,0,None,None,31,20,70,Medium Slow,Field,Human-Like,Blaze,Iron Fist,0,5,
393,Piplup,53,51,53,40,61,56,Water,Water,45,66,0,0,0,0,1,0,None,None,31,20,70,Medium Slow,Water 1,Field,Torrent,Hustle,0,1,
394,Prinplup,64,66,68,50,81,76,Water,Water,45,143,0,0,0,0,2,0,None,None,31,20,70,Medium Slow,Water 1,Field,Torrent,Hustle,0,1,
395,Empoleon,84,86,88,60,111,101,Water,Steel,45,210,0,0,0,0,3,0,None,None,31,20,70,Medium Slow,Water 1,Field,Torrent,Hustle,0,1,
396,Starly,40,55,30,60,30,30,Normal,Flying,255,56,0,0,0,1,0,0,None,Yache Berry,127,15,70,Medium Slow,Flying,Flying,Keen Eye,Keen Eye,90,5,
397,Staravia,55,75,50,80,40,40,Normal,Flying,120,113,0,0,0,2,0,0,None,Yache Berry,127,15,70,Medium Slow,Flying,Flying,Intimidate,Reckless,60,5,
398,Staraptor,90,120,75,100,50,65,Normal,Flying,45,172,0,3,0,0,0,0,None,Yache Berry,127,15,70,Medium Slow,Flying,Flying,Intimidate,Reckless,0,5,
399,Bidoof,59,45,40,31,35,40,Normal,Normal,255,58,1,0,0,0,0,0,None,None,127,15,70,Medium Fast,Water 1,Field,Simple,Unaware,90,5,
400,Bibarel,89,95,60,71,67,60,Normal,Water,127,116,0,2,0,0,0,0,Oran Berry,Sitrus Berry,127,15,70,Medium Fast,Water 1,Field,Simple,Unaware,60,5,
401,Kricketot,37,25,41,25,25,41,Bug,Bug,255,54,0,0,1,0,0,0,None,Metronome,127,15,70,Medium Slow,Bug,Bug,Shed Skin,Run Away,0,0,
402,Kricketune,77,96,59,74,55,59,Bug,Bug,45,159,0,2,0,0,0,0,None,Metronome,127,15,70,Medium Slow,Bug,Bug,Swarm,-,0,0,
403,Shinx,45,65,34,45,40,34,Electric,Electric,235,60,0,1,0,0,0,0,None,None,127,20,70,Medium Slow,Field,Field,Guts,Intimidate,120,1,
404,Luxio,60,85,49,60,60,49,Electric,Dark,120,117,0,2,0,0,0,0,None,None,127,20,100,Medium Slow,Field,Field,Guts,Intimidate,90,1,
405,Luxray,80,120,79,82,95,79,Electric,Dark,45,194,0,3,0,0,0,0,None,None,127,20,70,Medium Slow,Field,Field,Guts,Intimidate,0,1,
406,Budew,40,30,35,55,50,70,Grass,Poison,255,68,0,0,0,0,1,0,None,Poison Barb,127,20,70,Medium Slow,Undiscovered,Undiscovered,Natural Cure,Leaf Guard,120,131,
407,Roserade,60,70,55,90,125,105,Grass,Poison,75,204,0,0,0,0,3,0,None,Poison Barb,127,20,70,Medium Slow,Fairy,Grass,Natural Cure,Technician,0,131,
408,Cranidos,67,125,40,58,30,30,Rock,Rock,45,99,0,1,0,0,0,0,None,None,31,30,70,Erratic,Monster,Monster,Mold Breaker,Reckless,0,1,
409,Rampardos,97,165,60,58,65,50,Rock,Rock,45,199,0,2,0,0,0,0,None,None,31,30,70,Erratic,Monster,Monster,Mold Breaker,Reckless,0,1,
410,Shieldon,30,42,118,30,42,88,Rock,Steel,45,99,0,0,1,0,0,0,None,None,31,30,70,Erratic,Monster,Monster,Sturdy,Soundproof,0,7,
411,Bastiodon,60,52,168,30,47,138,Rock,Steel,45,199,0,0,2,0,0,0,None,None,31,30,70,Erratic,Monster,Monster,Sturdy,Soundproof,0,7,
412,Burmy,40,29,45,36,29,45,Bug,Bug,120,61,0,0,0,0,0,1,None,None,127,15,70,Medium Fast,Bug,Bug,Shed Skin,Shed Skin,0,7,
413,Wormadam (P),60,59,85,36,99,125,Bug,Grass,45,159,0,0,0,0,0,2,None,SilverPowder,254,15,70,Medium Fast,Bug,Bug,Anticipation,Leaf Guard,0,7,
414,Mothim,70,94,50,91,109,50,Bug,Flying,45,159,0,1,0,0,1,0,None,SilverPowder,0,15,70,Medium Fast,Bug,Bug,Swarm,Tinted Lens,0,2,
415,Combee,30,30,42,70,30,42,Bug,Flying,120,63,0,0,0,1,0,0,Honey,Honey,31,15,70,Medium Slow,Bug,Bug,Honey Gather,Hustle,0,2,
416,Vespiquen,70,80,102,40,80,102,Bug,Flying,45,188,0,0,1,0,0,1,None,Poison Barb,254,15,70,Medium Slow,Bug,Bug,Pressure,-,0,2,
417,Pachirisu,60,45,70,95,100,90,Electric,Electric,200,120,0,0,0,1,0,0,None,None,127,10,100,Medium Fast,Field,Fairy,Volt Absorb,Pickup,120,8,
418,Buizel,55,65,35,85,60,30,Water,Water,190,75,0,0,0,1,0,0,None,Wacan Berry,127,20,70,Medium Fast,Water 1,Field,Swift Swim,Technician,120,5,
419,Floatzel,85,105,55,115,85,50,Water,Water,75,178,0,0,0,2,0,0,None,Wacan Berry,127,20,70,Medium Fast,Water 1,Field,Swift Swim,Technician,90,5,
420,Cherubi,45,35,45,35,62,53,Grass,Grass,190,68,0,0,0,0,1,0,None,Miracle Seed,127,20,70,Medium Fast,Fairy,Grass,Chlorophyll,-,0,9,
421,Cherrim,70,60,70,85,107,78,Grass,Grass,75,133,0,0,0,0,2,0,None,Miracle Seed,127,20,70,Medium Fast,Fairy,Grass,Flower Gift,-,0,9,
422,Shellos,76,48,48,34,57,62,Water,Water,190,73,1,0,0,0,0,0,None,None,127,20,70,Medium Fast,Water 1,Amorphous,Sticky Hold,Storm Drain,0,6,
423,Gastrodon,111,83,68,39,92,82,Water,Ground,75,176,2,0,0,0,0,0,None,None,127,20,70,Medium Fast,Water 1,Amorphous,Sticky Hold,Storm Drain,0,6,
424,Ambipom,75,100,66,115,60,66,Normal,Normal,45,186,0,0,0,2,0,0,None,None,127,20,100,Fast,Field,Field,Pickup,Technician,0,6,
425,Drifloon,90,50,34,70,60,44,Ghost,Flying,125,127,1,0,0,0,0,0,None,None,127,30,70,Fluctuating,Amorphous,Amorphous,Aftermath,Unburden,0,6,
426,Drifblim,150,80,44,80,90,54,Ghost,Flying,60,204,2,0,0,0,0,0,None,None,127,30,70,Fluctuating,Amorphous,Amorphous,Aftermath,Unburden,0,6,
427,Buneary,55,66,44,85,44,56,Normal,Normal,190,84,0,0,0,1,0,0,None,Chople Berry,127,20,0,Medium Fast,Field,Human-Like,Limber,Klutz,0,5,
428,Lopunny,65,76,84,105,54,96,Normal,Normal,60,178,0,0,0,2,0,0,None,Chople Berry,127,20,140,Medium Fast,Field,Human-Like,Limber,Klutz,0,5,
429,Mismagius,60,60,60,110,110,110,Ghost,Ghost,45,187,0,0,0,0,1,1,None,None,127,25,35,Fast,Amorphous,Amorphous,Levitate,-,0,6,
430,Honchkrow,100,125,52,71,105,52,Dark,Flying,30,187,0,2,0,0,0,0,None,None,127,20,35,Medium Slow,Flying,Flying,Insomnia,Super Luck,0,4,
431,Glameow,49,55,42,85,42,37,Normal,Normal,190,71,0,0,0,1,0,0,None,Cheri Berry,191,20,70,Fast,Field,Field,Limber,Own Tempo,0,7,
432,Purugly,100,86,64,112,64,59,Normal,Normal,75,183,0,0,0,2,0,0,None,Cheri Berry,191,20,70,Fast,Field,Field,Thick Fat,Own Tempo,0,7,
433,Chingling,45,30,50,45,65,50,Psychic,Psychic,120,74,0,0,0,0,1,0,None,Colbur Berry,127,25,70,Fast,Undiscovered,Undiscovered,Levitate,-,120,2,
434,Stunky,63,63,47,74,41,41,Poison,Dark,225,79,0,0,0,1,0,0,None,Pecha Berry,127,20,70,Medium Fast,Field,Field,Stench,Aftermath,0,6,
435,Skuntank,103,93,67,84,77,61,Poison,Dark,60,209,2,0,0,0,0,0,None,Pecha Berry,127,20,70,Medium Fast,Field,Field,Stench,Aftermath,0,6,
436,Bronzor,57,34,86,23,24,86,Steel,Psychic,255,72,0,0,1,0,0,0,None,Metal Coat,255,20,70,Medium Fast,Mineral,Mineral,Levitate,Heatproof,90,3,
437,Bronzong,67,89,116,33,79,116,Steel,Psychic,90,188,0,0,1,0,0,1,None,Metal Coat,255,20,70,Medium Fast,Mineral,Mineral,Levitate,Heatproof,60,3,
438,Bonsly,50,80,95,10,10,45,Rock,Rock,255,68,0,0,1,0,0,0,None,None,127,20,70,Medium Fast,Undiscovered,Undiscovered,Sturdy,Rock Head,0,5,
439,Mime Jr.,20,25,45,60,70,90,Psychic,Fairy,145,78,0,0,0,0,0,1,None,Leppa Berry,127,25,70,Medium Fast,Undiscovered,Undiscovered,Soundproof,Filter,0,9,
440,Happiny,100,5,5,30,15,65,Normal,Normal,130,255,1,0,0,0,0,0,Oval Stone,Lucky Punch,254,40,140,Fast,Undiscovered,Undiscovered,Natural Cure,Serene Grace,0,9,
441,Chatot,76,65,45,111,112,42,Normal,Flying,30,144,0,1,0,0,0,0,None,Metronome,127,20,35,Fast,Flying,Flying,Soundproof,Tangled Feet,0,4,
442,Spiritomb,50,92,108,35,92,108,Ghost,Dark,100,168,0,0,1,0,0,1,None,None,127,30,70,Medium Fast,Amorphous,Amorphous,Pressure,-,0,6,
443,Gible,58,70,45,42,40,45,Dragon,Ground,45,67,0,1,0,0,0,0,None,Haban Berry,127,40,70,Slow,Monster,Dragon,Sand Veil,Rough Skin,90,1,
444,Gabite,68,90,65,82,50,55,Dragon,Ground,45,144,0,2,0,0,0,0,None,Haban Berry,127,40,70,Slow,Monster,Dragon,Sand Veil,Rough Skin,0,1,
445,Garchomp,108,130,95,102,80,85,Dragon,Ground,45,218,0,3,0,0,0,0,None,Haban Berry,127,40,70,Slow,Monster,Dragon,Sand Veil,-,0,1,
446,Munchlax,135,85,40,5,40,85,Normal,Normal,50,94,1,0,0,0,0,0,Leftovers,Leftovers,31,40,70,Slow,Undiscovered,Undiscovered,Pickup,Thick Fat,0,4,
447,Riolu,40,70,40,60,35,40,Fighting,Fighting,75,72,0,1,0,0,0,0,None,None,31,25,70,Medium Slow,Undiscovered,Undiscovered,Steadfast,Inner Focus,120,1,
448,Lucario,70,110,70,90,115,70,Fighting,Steel,45,204,0,1,0,0,1,0,None,None,31,25,70,Medium Slow,Field,Human-Like,Steadfast,Inner Focus,0,1,
449,Hippopotas,68,72,78,32,38,42,Ground,Ground,140,95,0,0,1,0,0,0,None,None,127,30,70,Slow,Field,Field,Sand Stream,-,60,5,
450,Hippowdon,108,112,118,47,68,72,Ground,Ground,60,198,0,0,2,0,0,0,None,None,127,30,70,Slow,Field,Field,Sand Stream,-,0,5,
451,Skorupi,40,50,90,65,30,55,Poison,Bug,120,114,0,0,1,0,0,0,None,Poison Barb,127,20,70,Slow,Bug,Water 3,Battle Armor,Sniper,120,6,
452,Drapion,70,90,110,95,60,75,Poison,Dark,45,204,0,0,2,0,0,0,None,Poison Barb,127,20,70,Slow,Bug,Water 3,Battle Armor,Sniper,60,6,
453,Croagunk,48,61,40,50,61,40,Poison,Fighting,140,83,0,1,0,0,0,0,None,Black Sludge,127,10,100,Medium Fast,Human-Like,Human-Like,Anticipation,Dry Skin,150,1,
454,Toxicroak,83,106,65,85,86,65,Poison,Fighting,75,181,0,2,0,0,0,0,None,Black Sludge,127,20,70,Medium Fast,Human-Like,Human-Like,Anticipation,Dry Skin,120,1,
455,Carnivine,74,120,72,86,90,72,Grass,Dark,200,164,0,2,0,0,0,0,None,None,127,25,70,Slow,Grass,Grass,Levitate,-,60,3,
456,Finneon,49,49,56,66,49,61,Water,Water,190,90,0,0,0,1,0,0,None,Rindo Berry,127,20,70,Erratic,Water 2,Water 2,Swift Swim,Storm Drain,0,1,
457,Lumineon,69,69,76,101,89,86,Water,Water,75,156,0,0,0,2,0,0,None,Rindo Berry,127,20,70,Erratic,Water 2,Water 2,Swift Swim,Storm Drain,0,1,
458,Mantyke,45,20,50,50,60,120,Water,Flying,25,108,0,0,0,0,0,1,None,None,127,25,70,Slow,Undiscovered,Undiscovered,Swift Swim,Water Absorb,0,1,
459,Snover,60,62,50,40,62,60,Grass,Ice,120,131,0,1,0,0,0,0,None,NeverMeltIce,127,20,70,Slow,Monster,Grass,Snow Warning,Soundproof,0,8,
460,Abomasnow,100,100,75,60,100,85,Grass,Ice,60,214,0,1,0,0,1,0,None,NeverMeltIce,127,20,70,Slow,Monster,Grass,Snow Warning,Soundproof,0,8,
461,Weavile,70,120,65,125,45,85,Dark,Ice,45,199,0,1,0,1,0,0,Grip Claw,Quick Claw,127,20,35,Medium Slow,Field,Field,Pressure,Technician,0,4,
462,Magnezone,70,70,115,60,130,90,Electric,Steel,30,211,0,0,0,0,3,0,None,Metal Coat,255,20,70,Medium Fast,Mineral,Mineral,Magnet Pull,Sturdy,0,7,
463,Lickilicky,110,85,95,50,80,95,Normal,Normal,30,193,3,0,0,0,0,0,None,Lagging Tail,127,20,70,Medium Fast,Monster,Monster,Thick Fat,Immunity,0,9,
464,Rhyperior,115,140,130,40,55,55,Ground,Rock,30,217,0,3,0,0,0,0,None,None,127,20,70,Slow,Monster,Field,Reckless,Solid Rock,0,7,
465,Tangrowth,100,100,125,50,110,50,Grass,Grass,30,211,0,0,2,0,0,0,None,None,127,20,70,Medium Fast,Grass,Grass,Chlorophyll,Leaf Guard,0,1,
466,Electivire,75,123,67,95,95,85,Electric,Fighting,30,199,0,3,0,0,0,0,None,Electirizer,63,25,70,Medium Fast,Human-Like,Human-Like,Motor Drive,Iron Fist,0,2,
467,Magmortar,75,95,67,90,125,95,Fire,Fire,30,199,0,0,0,0,3,0,None,Magmarizer,63,25,70,Medium Fast,Human-Like,Human-Like,Flame Body,Vital Spirit,0,128,
468,Togekiss,85,50,95,80,120,115,Fairy,Flying,30,220,0,0,0,0,2,1,None,None,31,10,70,Fast,Flying,Fairy,Hustle,Serene Grace,0,136,
469,Yanmega,86,76,86,95,116,56,Bug,Flying,30,198,0,2,0,0,0,0,None,Wide Lens,127,20,70,Medium Fast,Bug,Bug,Speed Boost,Tinted Lens,0,3,
470,Leafeon,65,110,130,95,60,65,Grass,Grass,45,196,0,0,2,0,0,0,None,None,31,35,35,Medium Fast,Field,Field,Leaf Guard,Chlorophyll,0,3,
471,Glaceon,65,60,110,65,130,95,Ice,Ice,45,196,0,0,0,0,2,0,None,None,31,35,35,Medium Fast,Field,Field,Snow Cloak,Serene Grace,0,1,
472,Gliscor,75,95,125,95,45,75,Ground,Flying,30,192,0,0,2,0,0,0,None,None,127,20,70,Medium Slow,Bug,Bug,Hyper Cutter,Poison Heal,0,6,
473,Mamoswine,110,130,80,80,70,60,Ice,Ground,50,207,0,3,0,0,0,0,None,None,127,20,70,Slow,Field,Field,Thick Fat,Snow Cloak,0,5,
474,Porygon-Z,85,80,70,90,135,75,Normal,Normal,30,185,0,0,0,0,3,0,None,None,255,20,70,Medium Fast,Mineral,Mineral,Adaptability,Download,0,0,
475,Gallade,68,125,65,80,65,115,Psychic,Fighting,45,208,0,3,0,0,0,0,None,None,0,20,35,Slow,Amorphous,Amorphous,Steadfast,Steadfast,0,8,
476,Probopass,60,55,145,40,85,150,Rock,Steel,60,198,0,0,1,0,0,2,None,Hard Stone,127,20,70,Medium Fast,Mineral,Mineral,Sturdy,Magnet Pull,0,7,
477,Dusknoir,45,100,135,45,65,135,Ghost,Ghost,45,210,0,0,1,0,0,2,None,Kasib Berry,127,25,35,Fast,Amorphous,Amorphous,Pressure,-,0,4,
478,Froslass,70,80,70,110,100,70,Ice,Ghost,75,187,0,0,0,2,0,0,None,Babiri Berry,254,20,70,Medium Fast,Fairy,Mineral,Levitate,Levitate,0,8,
479,Rotom,50,50,77,101,105,77,Electric,Ghost,45,132,0,0,0,1,1,0,None,None,255,20,70,Medium Fast,Amorphous,Amorphous,Levitate,-,0,0,
480,Uxie,75,75,130,95,75,130,Psychic,Psychic,3,210,0,0,2,0,0,1,None,None,255,80,140,Slow,Undiscovered,Undiscovered,Levitate,-,0,2,
481,Mesprit,80,105,105,80,105,105,Psychic,Psychic,3,210,0,1,0,0,1,1,None,None,255,80,140,Slow,Undiscovered,Undiscovered,Levitate,-,0,9,
482,Azelf,75,125,70,115,125,70,Psychic,Psychic,3,210,0,2,0,0,1,0,None,None,255,80,140,Slow,Undiscovered,Undiscovered,Levitate,-,0,1,
483,Dialga,100,120,120,90,150,100,Steel,Dragon,30,220,0,0,0,0,3,0,None,None,255,120,0,Slow,Undiscovered,Undiscovered,Pressure,-,0,8,
484,Palkia,90,120,100,100,150,120,Water,Dragon,30,220,0,0,0,0,3,0,None,None,255,120,0,Slow,Undiscovered,Undiscovered,Pressure,-,0,6,
485,Heatran,91,90,106,77,130,106,Fire,Steel,3,215,0,0,0,0,3,0,None,None,127,10,100,Slow,Undiscovered,Undiscovered,Flash Fire,Flame Body,0,5,
486,Regigigas,110,160,110,100,80,110,Normal,Normal,3,220,0,3,0,0,0,0,None,None,255,120,0,Slow,Undiscovered,Undiscovered,Pressure,-,0,8,
487,Giratina,150,100,120,90,100,120,Ghost,Dragon,3,220,3,0,0,0,0,0,None,None,255,120,0,Slow,Undiscovered,Undiscovered,Pressure,-,0,4,
488,Cresselia,120,70,120,85,75,130,Psychic,Psychic,3,210,0,0,0,0,0,3,None,None,254,120,100,Slow,Undiscovered,Undiscovered,Levitate,-,0,2,
489,Phione,85,85,85,85,85,85,Water,Water,30,165,1,0,0,0,0,0,None,None,255,40,70,Slow,Water 1,Fairy,Hydration,-,0,1,
490,Manaphy,100,100,100,100,100,100,Water,Water,3,215,3,0,0,0,0,0,None,None,255,10,70,Slow,Water 1,Fairy,Hydration,-,0,1,
491,Darkrai,70,90,90,125,135,90,Dark,Dark,3,210,0,0,0,1,2,0,None,None,255,120,0,Slow,Undiscovered,Undiscovered,Bad Dreams,-,0,4,
492,Shaymin,100,100,100,100,100,100,Grass,Grass,45,64,3,0,0,0,0,0,Lum Berry,Lum Berry,255,120,100,Medium Slow,Undiscovered,Undiscovered,Natural Cure,-,0,3,
493,Arceus,120,120,120,120,120,120,Normal,Normal,3,255,3,0,0,0,0,0,Dread Plate,None,255,120,0,Slow,Undiscovered,Undiscovered,Multitype,-,0,7,
494,Egg,10,10,10,10,10,10,Normal,Normal,3,255,0,0,0,0,0,0,None,None,255,120,0,Slow,Undiscovered,Undiscovered,-,-,0,10,
495,Bad Egg,10,10,10,10,10,10,Normal,Normal,3,255,0,0,0,0,0,0,None,None,255,120,0,Slow,Undiscovered,Undiscovered,-,-,0,10,
496,Deoxys (A),50,180,20,150,180,20,Psychic,Psychic,3,215,0,2,0,0,1,0,None,None,255,120,0,Slow,Undiscovered,Undiscovered,Pressure,-,0,0,
497,Deoxys (D),50,70,160,90,70,160,Psychic,Psychic,3,215,0,0,2,0,0,1,None,None,255,120,0,Slow,Undiscovered,Undiscovered,Pressure,-,0,0,
498,Deoxys (S),50,95,90,180,95,90,Psychic,Psychic,3,215,0,0,0,3,0,0,None,None,255,120,0,Slow,Undiscovered,Undiscovered,Pressure,-,0,0,
499,Wormadam (S),60,99,125,36,59,85,Bug,Ground,45,159,0,0,2,0,0,0,None,SilverPowder,254,15,70,Medium Fast,Bug,Bug,Anticipation,Sand Veil,0,7,
500,Wormadam (T),60,69,115,36,69,115,Bug,Steel,45,159,0,0,1,0,0,1,None,SilverPowder,254,15,70,Medium Fast,Bug,Bug,Anticipation,Sturdy,0,7,
501,Giratina (O),150,120,100,90,120,100,Ghost,Dragon,3,220,3,0,0,0,0,0,None,None,255,120,0,Slow,Undiscovered,Undiscovered,Levitate,-,0,4,
502,Shaymin (S),100,103,75,127,120,75,Grass,Flying,45,64,0,0,0,3,0,0,Lum Berry,Lum Berry,255,120,100,Medium Slow,Undiscovered,Undiscovered,Serene Grace,-,0,131,
503,Rotom (Heat),50,65,107,86,105,107,Electric,Fire,45,132,0,0,0,1,1,0,None,None,255,20,70,Medium Fast,Amorphous,Amorphous,Levitate,-,0,0,
504,Rotom (Wash),50,65,107,86,105,107,Electric,Water,45,132,0,0,0,1,1,0,None,None,255,20,70,Medium Fast,Amorphous,Amorphous,Levitate,-,0,0,
505,Rotom (Frost),50,65,107,86,105,107,Electric,Ice,45,132,0,0,0,1,1,0,None,None,255,20,70,Medium Fast,Amorphous,Amorphous,Levitate,-,0,0,
506,Rotom (Fan),50,65,92,116,105,92,Electric,Flying,45,132,0,0,0,1,1,0,None,None,255,20,70,Medium Fast,Amorphous,Amorphous,Motor Drive,-,0,0,
507,Rotom (Mow),50,65,107,86,105,107,Electric,Grass,45,132,0,0,0,1,1,0,None,None,255,20,70,Medium Fast,Amorphous,Amorphous,Levitate,-,0,0,
